
****************************************************************
****************************************************************
**                                                            **
**                                                            **
**        CCC     OO      SSS    M    M     OO      SSS       **
**       C       O  O    S       MM  MM    O  O    S          **
**       C       O  O     SS     M MM M    O  O     SS        **
**       C       O  O       S    M    M    O  O       S       **
**        CCC     OO     SSS     M    M     OO     SSS        **
**                                                            **
**                                                            **
**             SOLIDWORKS Simulation 2025 - SP5               **
**                 Simulation Premium Package                 **
**           Distributed By: SOLIDWORKS Corporation           **
**               21255 Burbank Blvd Suite 400                 **
**               Woodland Hills, California 91367             **
**               Telephone Number (774)556-3100               **
**         Copyright 1988-2018 SOLIDWORKS Corporation         **
**                                                            **
****************************************************************
****************************************************************

Problem name: C:\Users\mylesseckler\Documents\CAD\Mids
Date        : 11/28/2025     Time:   00:50:47


 SYSTEM OF UNITS:
 International System of Units, SI, is used for all input/output data.
 Common Quantities:
 Length:meter, Mass:kilogram, Time:second, Temperature:kelvin
 Force:newton, Pressure also stress:pascal, Energy:joule, Power:watt

 NUMBER OF PHYSICAL CORES USED TO RUN SIMULATION:  8

  C O N T R O L  I N F O R M A T I O N                  

   CURRENT RESTRAINT SET . . . . . . . . . . . (BC_SET)  =           1

   NUMBER OF LOAD CASES  . . . . . . . . . . . (NLCASE)  =           1
   SOLUTION MODE . . . . . . . . . . . . . . . (MODEX)   =           0
      EQ. 0, STATIC ANALYSIS                              
      EQ. 1, BUCKLING ANALYSIS                            
      EQ. 2, DYNAMIC ANALYSIS                             
      EQ. 3, DROP TEST                                    

   SOLVER TYPE . . . . . . . . . . . . . . . . .(ISOL)   =           5
      EQ. 0, DIRECT SPARSE SOLVER                         
      EQ. 1, DIRECT SKYLINE SOLVER                        
      EQ. 2, ITERATIVE SOLVER                             
      EQ. 3, EXPLICIT INTEGRATION                         
      EQ. 4, LARGE PROBLEM DIRECT SPARSE SOLVER           
      EQ. 5, INTEL DIRECT SPARSE SOLVER                   
      EQ. 6, INTEL NETWORK SPARSE SOLVER                  
      EQ. 7, SINGULAR VALUE DECOMPOSTION (SVD)            

   THERMAL LOADING FLAG . . . . . . . . . . . .(ITHERM)  =           0
      EQ. 0, NO THERMAL EFFECTS CONSIDERED                
      EQ. 1, ADD TEMPERATURE EFFECT                       
   GRAVITY LOADING FLAG . . . . . . . . . . . .(IGRAV)   =           0
      EQ. 0, NO GRAVITY LOADING CONSIDERED                
      EQ. 1, ADD GRAVITY LOADING EFFECT                   
   CENTRIFUGAL LOADING FLAG . . . . . . . . . .(ICNTRF)  =           0
      EQ. 0, NO CENTRIFUGAL LOADING CONSIDERED            
      EQ. 1, ADD CENTRIFUGAL LOADING EFFECT               
   IN-PLANE STIFFENING FLAG . . . . . . . . . .(INPLN)   =           0
      EQ. 0, NO IN-PLANE EFFECTS CONSIDERED               
      EQ. 1, IN-PLANE EFFECTS CONSIDERED                  
   SOFT SPRING ADDITION FLAG . . . . . . . . . (ISOFT)   =           0
      EQ. 0, NO SOFT SPRING OPTION                        
      EQ. 1, SOFT SPRING ADDED                            

   SAVE DECOMPOSED STIFFNESS MATRIX FLAG . . . (ISAVK)   =           0
      EQ. 0, DO NOT SAVE DECOMPOSED K                     
      EQ. 1, SAVE DECOMPOSED K                            
   FORM STIFFNESS MATRIX FLAG . . . . . . . . .(IFORMK)  =           0
      EQ. 0, FORM STIFFNESS MATRIX                        
      EQ. 1, USE EXISTING DECOMPOSED STIFFNESS MATRIX     

   SPIN SOFTENING FLAG . . . . . . . . . . . . (ISPIN)   =           0
      EQ. 0, NO SPIN SOFTENING EFFECTS CONSIDERED         
      EQ. 1, SPIN SOFTENING EFFECTS CONSIDERED            
   INERTIA RELIEF FLAG  . . . . . . . . . . . .(IFORMK)  =           0
      EQ. 0, NO INERITA RELIEF EFFECTS CONSIDERED         
      EQ. 1, INERITA RELIEF EFFECTS CONSIDERED            
   RIGID CONNECTIONS FLAG  . . . . . . . . . . (IRIGID)  =           0
      EQ. 0, HINGE CONNECTIONS BETWEEN SOLIDS & SHELLS    
      EQ. 1, RIGID CONNECTIONS BETWEEN SOLIDS & SHELLS    


  T O T A L  S Y S T E M  D A T A                        
   NUMBER OF EQUATIONS . . . . . . . . . . . . . .(NEQ)  =      133442
   MEAN HALF BANDWIDTH . . . . . . . . . . . . . .(MM )  =          78
   NUMBER OF ELEMENTS. . . . . . . . . . . . . . .(NUME) =       27400
   NUMBER OF NODAL POINTS. . . . . . . . . . . . .(NUMNP)=       46625

   ORIGINAL NO. OF MATRIX ELEMENTS . . . . . . . .(NWK)  =     4596092
   NUMBER OF PARTS  . . . . . . . . . . . . .  (NPARTS)  =           1




  S O L U T I O N   T I M E   l O G   (In Second)

  Input Phase and Contact/Bond/Connector set up .......=    1.0
  Stiffness + Contact + Connectors Computation  .......=    1.3
  SVD Solver ..........................................=    0.0
  Re-organization of Modeshapes .......................=    0.0

  TOTAL SOLUTION ......................................=    2.3




************************************************************************
    D I S P L A C E M E N T     P R I N T O U T    (LOAD CASE     1)
************************************************************************




************************************************************************
    D I S P L A C E M E N T     P R I N T O U T    (LOAD CASE     1)
************************************************************************


  STATUS OF THERMAL EFFECTS FOR THIS LOAD CASE:
  ---------------------------------------------

    - Thermal flag is off (no thermal effect)



  S O L U T I O N   T I M E   L O G   I N   S E C
            FOR PROBLEM
     TIME FOR INPUT PHASE  . . . . . . . . . . . . . . =       1
     TIME FOR CALCULATION OF STRUCTURE STIFFNESS MATRIX=       1
     TIME FOR INTEL DIRECT SPARSE SOLVER . . . . . . . =       0

     TIME FOR AL CONTACT OPERATIONS (Prep) . . . . . . =       0
     ***** CONTACT ITERATION NUMBER ***** . . . . =       1
     TIME FOR AL CONTACT OPERATIONS (Multiplier) . . . =       0
     TIME FOR INTEL DIRECT SPARSE SOLVER (Prep) . . . .=       0
     TIME FOR CALCULATION OF STRUCTURE STIFFNESS MATRIX=       0
     TIME FOR INTEL DIRECT SPARSE SOLVER (Decomp) . . .=       0
     TIME FOR AL CONTACT OPERATIONS (Force) . . . . . .=       0
     TIME FOR INTEL DIRECT SPARSE SOLVER (Back sub) . .=       0
     TIME FOR AL CONTACT OPERATIONS (Convrg check) . . =       0

     ***** CONTACT ITERATION NUMBER ***** . . . . =       2
     TIME FOR AL CONTACT OPERATIONS (Multiplier) . . . =       0
     TIME FOR INTEL DIRECT SPARSE SOLVER (Prep) . . . .=       0
     TIME FOR CALCULATION OF STRUCTURE STIFFNESS MATRIX=       0
     TIME FOR INTEL DIRECT SPARSE SOLVER (Decomp) . . .=       0
     TIME FOR AL CONTACT OPERATIONS (Force) . . . . . .=       0
     TIME FOR INTEL DIRECT SPARSE SOLVER (Back sub) . .=       0
     TIME FOR AL CONTACT OPERATIONS (Convrg check) . . =       0

     ***** CONTACT ITERATION NUMBER ***** . . . . =       3
     TIME FOR AL CONTACT OPERATIONS (Multiplier) . . . =       0
     TIME FOR INTEL DIRECT SPARSE SOLVER (Prep) . . . .=       0
     TIME FOR CALCULATION OF STRUCTURE STIFFNESS MATRIX=       0
     TIME FOR INTEL DIRECT SPARSE SOLVER (Decomp) . . .=       0
     TIME FOR AL CONTACT OPERATIONS (Force) . . . . . .=       0
     TIME FOR INTEL DIRECT SPARSE SOLVER (Back sub) . .=       0
     TIME FOR AL CONTACT OPERATIONS (Convrg check) . . =       0

     ***** CONTACT ITERATION NUMBER ***** . . . . =       4
     TIME FOR AL CONTACT OPERATIONS (Multiplier) . . . =       0
     TIME FOR INTEL DIRECT SPARSE SOLVER (Prep) . . . .=       0
     TIME FOR CALCULATION OF STRUCTURE STIFFNESS MATRIX=       0
     TIME FOR INTEL DIRECT SPARSE SOLVER (Decomp) . . .=       0
     TIME FOR AL CONTACT OPERATIONS (Force) . . . . . .=       0
     TIME FOR INTEL DIRECT SPARSE SOLVER (Back sub) . .=       0
     TIME FOR AL CONTACT OPERATIONS (Convrg check) . . =       0

     ***** CONTACT ITERATION NUMBER ***** . . . . =       5
     TIME FOR AL CONTACT OPERATIONS (Multiplier) . . . =       0
     TIME FOR INTEL DIRECT SPARSE SOLVER (Prep) . . . .=       0
     TIME FOR CALCULATION OF STRUCTURE STIFFNESS MATRIX=       0
     TIME FOR INTEL DIRECT SPARSE SOLVER (Decomp) . . .=       0
     TIME FOR AL CONTACT OPERATIONS (Force) . . . . . .=       0
     TIME FOR INTEL DIRECT SPARSE SOLVER (Back sub) . .=       0
     TIME FOR AL CONTACT OPERATIONS (Convrg check) . . =       0

     ***** CONTACT ITERATION NUMBER ***** . . . . =       6
     TIME FOR AL CONTACT OPERATIONS (Multiplier) . . . =       0
     TIME FOR INTEL DIRECT SPARSE SOLVER (Prep) . . . .=       0
     TIME FOR CALCULATION OF STRUCTURE STIFFNESS MATRIX=       0
     TIME FOR INTEL DIRECT SPARSE SOLVER (Decomp) . . .=       0
     TIME FOR AL CONTACT OPERATIONS (Force) . . . . . .=       0
     TIME FOR INTEL DIRECT SPARSE SOLVER (Back sub) . .=       0
     TIME FOR AL CONTACT OPERATIONS (Convrg check) . . =       0

     ***** CONTACT ITERATION NUMBER ***** . . . . =       7
     TIME FOR AL CONTACT OPERATIONS (Multiplier) . . . =       0
     TIME FOR INTEL DIRECT SPARSE SOLVER (Prep) . . . .=       0
     TIME FOR CALCULATION OF STRUCTURE STIFFNESS MATRIX=       0
     TIME FOR INTEL DIRECT SPARSE SOLVER (Decomp) . . .=       0
     TIME FOR AL CONTACT OPERATIONS (Force) . . . . . .=       0
     TIME FOR INTEL DIRECT SPARSE SOLVER (Back sub) . .=       0
     TIME FOR AL CONTACT OPERATIONS (Convrg check) . . =       0

     ***** CONTACT ITERATION NUMBER ***** . . . . =       8
     TIME FOR AL CONTACT OPERATIONS (Multiplier) . . . =       0
     TIME FOR INTEL DIRECT SPARSE SOLVER (Prep) . . . .=       0
     TIME FOR CALCULATION OF STRUCTURE STIFFNESS MATRIX=       0
     TIME FOR INTEL DIRECT SPARSE SOLVER (Decomp) . . .=       0
     TIME FOR AL CONTACT OPERATIONS (Force) . . . . . .=       0
     TIME FOR INTEL DIRECT SPARSE SOLVER (Back sub) . .=       0
     TIME FOR AL CONTACT OPERATIONS (Convrg check) . . =       0

     ***** CONTACT ITERATION NUMBER ***** . . . . =       9
     TIME FOR AL CONTACT OPERATIONS (Multiplier) . . . =       0
     TIME FOR INTEL DIRECT SPARSE SOLVER (Prep) . . . .=       0
     TIME FOR CALCULATION OF STRUCTURE STIFFNESS MATRIX=       0
     TIME FOR INTEL DIRECT SPARSE SOLVER (Decomp) . . .=       0
     TIME FOR AL CONTACT OPERATIONS (Force) . . . . . .=       0
     TIME FOR INTEL DIRECT SPARSE SOLVER (Back sub) . .=       0
     TIME FOR AL CONTACT OPERATIONS (Convrg check) . . =       0

     ***** CONTACT ITERATION NUMBER ***** . . . . =      10
     TIME FOR AL CONTACT OPERATIONS (Multiplier) . . . =       0
     TIME FOR AL CONTACT OPERATIONS (Convrg check) . . =       0

     TIME FOR AL CONTACT OPERATIONS (Update) . . . . . =       0

   FORCES ON THE ACTIVE CONTACT ELEMENT(S)
   ELEMENT   NODE   TARGET      FX           FY           FZ       NORMAL FORCE
   24142     2728        1   0.0000E+00   0.0000E+00   0.6684E-03   0.6684E-03
   24143      216        1   0.0000E+00   0.0000E+00   0.3708E-03   0.3708E-03
   24144     4965        1   0.0000E+00   0.0000E+00   0.8204E-03   0.8204E-03
   24145    13274        1   0.0000E+00   0.0000E+00   0.9529E-03   0.9529E-03
   24146    13276        1   0.0000E+00   0.0000E+00   0.1486E-02   0.1486E-02
   24147    13275        1   0.0000E+00   0.0000E+00   0.1684E-02   0.1684E-02
   24148     4966        1   0.0000E+00   0.0000E+00   0.4242E-03   0.4242E-03
   24149      217        1   0.0000E+00   0.0000E+00   0.1064E-02   0.1064E-02
   24150     4967        1   0.0000E+00   0.0000E+00   0.1415E-02   0.1415E-02
   24151    19037        1   0.0000E+00   0.0000E+00   0.2917E-02   0.2917E-02
   24152    19039        1   0.0000E+00   0.0000E+00   0.4449E-02   0.4449E-02
   24153    19038        1   0.0000E+00   0.0000E+00   0.1960E-02   0.1960E-02
   24154     2737        1   0.0000E+00   0.0000E+00   0.4870E-02   0.4870E-02
   24155    19024        1   0.0000E+00   0.0000E+00   0.4951E-02   0.4951E-02
   24156    19033        1   0.0000E+00   0.0000E+00   0.6762E-02   0.6762E-02
   24157    27893        1   0.0000E+00   0.0000E+00   0.1506E-02   0.1506E-02
   24158    27892        1   0.0000E+00   0.0000E+00   0.1052E-02   0.1052E-02
   24160    27897        1   0.0000E+00   0.0000E+00   0.9785E-03   0.9785E-03
   24161     8566        1   0.0000E+00   0.0000E+00   0.3322E-02   0.3322E-02
   24163     4964        1   0.0000E+00   0.0000E+00   0.2633E-03   0.2633E-03
   24165    31283        1   0.0000E+00   0.0000E+00   0.2956E-02   0.2956E-02
   24170     8588        1   0.0000E+00   0.0000E+00   0.1735E-02   0.1735E-02
   24171     2736        1   0.0000E+00   0.0000E+00   0.1680E-01   0.1680E-01
   24172      233        1   0.0000E+00   0.0000E+00   0.2476E-02   0.2476E-02
   24173    36592        1   0.0000E+00   0.0000E+00   0.9369E-02   0.9369E-02
   24174    36593        1   0.0000E+00   0.0000E+00   0.5686E-02   0.5686E-02
   24175    19839        1   0.0000E+00   0.0000E+00   0.8994E-02   0.8994E-02
   24176     2735        1   0.0000E+00   0.0000E+00   0.3287E-01   0.3287E-01
   24177    36595        1   0.0000E+00   0.0000E+00   0.1741E-01   0.1741E-01
   24178    13098        1   0.0000E+00   0.0000E+00   0.3510E-01   0.3510E-01
   24179     4962        1   0.0000E+00   0.0000E+00   0.4322E-02   0.4322E-02
   24180    36597        1   0.0000E+00   0.0000E+00   0.1084E-01   0.1084E-01
   24181    36598        1   0.0000E+00   0.0000E+00   0.1910E-01   0.1910E-01
   24182    19847        1   0.0000E+00   0.0000E+00   0.1551E-01   0.1551E-01
   24183     2733        1   0.0000E+00   0.0000E+00   0.4945E-01   0.4945E-01
   24187    40201        1   0.0000E+00   0.0000E+00   0.4848E-02   0.4848E-02
   24188     4961        1   0.0000E+00   0.0000E+00   0.3596E-03   0.3596E-03
   24189    43376        1   0.0000E+00   0.0000E+00   0.1108E-02   0.1108E-02
   24190    43377        1   0.0000E+00   0.0000E+00   0.1091E-02   0.1091E-02
   24191     2734        1   0.0000E+00   0.0000E+00   0.7638E-01   0.7638E-01
   24192    13135        1   0.0000E+00   0.0000E+00   0.4366E-01   0.4366E-01
   24193    40664        1   0.0000E+00   0.0000E+00   0.3123E-01   0.3123E-01
   24195    45878        1   0.0000E+00   0.0000E+00   0.6969E-03   0.6969E-03
   24196    41910        1   0.0000E+00   0.0000E+00   0.2678E-01   0.2678E-01
   24197    46057        1   0.0000E+00   0.0000E+00   0.1537E-01   0.1537E-01
   24198    46258        1   0.0000E+00   0.0000E+00   0.3092E-02   0.3092E-02
   24199     2775        1   0.0000E+00   0.0000E+00   0.9904E-02   0.9904E-02
   24200     2774        1   0.0000E+00   0.0000E+00   0.1331E-01   0.1331E-01
   24201     4944        1   0.0000E+00   0.0000E+00   0.1707E-02   0.1707E-02
   24202     9671        1   0.0000E+00   0.0000E+00   0.1424E-01   0.1424E-01
   24203     9673        1   0.0000E+00   0.0000E+00   0.7710E-02   0.7710E-02
   24204     9672        1   0.0000E+00   0.0000E+00   0.7417E-02   0.7417E-02
   24206     2768        1   0.0000E+00   0.0000E+00   0.3717E-04   0.3717E-04
   24207     4940        1   0.0000E+00   0.0000E+00   0.1295E-03   0.1295E-03
   24209    26221        1   0.0000E+00   0.0000E+00   0.1975E-03   0.1975E-03
   24210    26234        1   0.0000E+00   0.0000E+00   0.1847E-03   0.1847E-03
   24212     4939        1   0.0000E+00   0.0000E+00   0.1064E-03   0.1064E-03
   24214    28812        1   0.0000E+00   0.0000E+00   0.2561E-03   0.2561E-03
   24221     2773        1   0.0000E+00   0.0000E+00   0.1237E-01   0.1237E-01
   24226    37417        1   0.0000E+00   0.0000E+00   0.2246E-02   0.2246E-02
   24228    38783        1   0.0000E+00   0.0000E+00   0.1253E-02   0.1253E-02
   24231     4941        1   0.0000E+00   0.0000E+00   0.5653E-04   0.5653E-04
   24232      219        1   0.0000E+00   0.0000E+00   0.4055E-03   0.4055E-03
   24233     4942        1   0.0000E+00   0.0000E+00   0.4527E-03   0.4527E-03
   24234    42898        1   0.0000E+00   0.0000E+00   0.8646E-03   0.8646E-03
   24235    42900        1   0.0000E+00   0.0000E+00   0.1394E-02   0.1394E-02
   24236    42899        1   0.0000E+00   0.0000E+00   0.5890E-03   0.5890E-03
   24239      218        1   0.0000E+00   0.0000E+00   0.4852E-04   0.4852E-04
   24240     4938        1   0.0000E+00   0.0000E+00   0.8326E-04   0.8326E-04
   24241    42879        1   0.0000E+00   0.0000E+00   0.2617E-03   0.2617E-03
   24242    43248        1   0.0000E+00   0.0000E+00   0.1373E-03   0.1373E-03
   24243    11024        1   0.0000E+00   0.0000E+00   0.3534E-03   0.3534E-03
   24245    35069        1   0.0000E+00   0.0000E+00   0.6885E-02   0.6885E-02
   24246    43415        1   0.0000E+00   0.0000E+00   0.1941E-01   0.1941E-01
   24247     2777        1   0.0000E+00   0.0000E+00   0.1719E-02   0.1719E-02
   24248     2776        1   0.0000E+00   0.0000E+00   0.4114E-02   0.4114E-02
   24249    31376        1   0.0000E+00   0.0000E+00   0.3829E-02   0.3829E-02
   24250    43106        1   0.0000E+00   0.0000E+00   0.2728E-02   0.2728E-02
   24251    45035        1   0.0000E+00   0.0000E+00   0.2007E-02   0.2007E-02
   24252    43372        1   0.0000E+00   0.0000E+00   0.2658E-03   0.2658E-03
   24253    45045        1   0.0000E+00   0.0000E+00   0.1183E-03   0.1183E-03
   24254     4943        1   0.0000E+00   0.0000E+00   0.1184E-02   0.1184E-02
   24255    45432        1   0.0000E+00   0.0000E+00   0.7954E-02   0.7954E-02
   24256    31381        1   0.0000E+00   0.0000E+00   0.4864E-02   0.4864E-02
   24257    12300        1   0.0000E+00   0.0000E+00   0.4577E-02   0.4577E-02
   24258    43245        1   0.0000E+00   0.0000E+00   0.1411E-02   0.1411E-02
   24259    45854        1   0.0000E+00   0.0000E+00   0.2588E-02   0.2588E-02
   24260    45855        1   0.0000E+00   0.0000E+00   0.1764E-02   0.1764E-02
   24261    45960        1   0.0000E+00   0.0000E+00   0.8772E-04   0.8772E-04
   24262    46407        1   0.0000E+00   0.0000E+00   0.2705E-02   0.2705E-02
   24263    46408        1   0.0000E+00   0.0000E+00   0.3267E-03   0.3267E-03
   24264    41514        1   0.0000E+00   0.0000E+00   0.8856E-04   0.8856E-04
   24265     2801        1   0.0000E+00   0.0000E+00   0.2831E-01   0.2831E-01
   24266     2800        1   0.0000E+00   0.0000E+00   0.7995E-01   0.7995E-01
   24267     4949        1   0.0000E+00   0.0000E+00   0.8298E-02   0.8298E-02
   24268     8947        1   0.0000E+00   0.0000E+00   0.7259E-01   0.7259E-01
   24269     8949        1   0.0000E+00   0.0000E+00   0.5328E-01   0.5328E-01
   24270     8948        1   0.0000E+00   0.0000E+00   0.3424E-01   0.3424E-01
   24271     2798        1   0.0000E+00   0.0000E+00   0.1248E+00   0.1248E+00
   24272     2797        1   0.0000E+00   0.0000E+00   0.7087E-01   0.7087E-01
   24273     4952        1   0.0000E+00   0.0000E+00   0.1129E-01   0.1129E-01
   24274    10217        1   0.0000E+00   0.0000E+00   0.1314E+00   0.1314E+00
   24275    10219        1   0.0000E+00   0.0000E+00   0.3928E-01   0.3928E-01
   24276    10218        1   0.0000E+00   0.0000E+00   0.6569E-01   0.6569E-01
   24277      221        1   0.0000E+00   0.0000E+00   0.4941E-02   0.4941E-02
   24278    11284        1   0.0000E+00   0.0000E+00   0.1686E-01   0.1686E-01
   24279    11285        1   0.0000E+00   0.0000E+00   0.2037E-01   0.2037E-01
   24280     2799        1   0.0000E+00   0.0000E+00   0.1379E+00   0.1379E+00
   24281     4950        1   0.0000E+00   0.0000E+00   0.2145E-01   0.2145E-01
   24282    10985        1   0.0000E+00   0.0000E+00   0.1618E+00   0.1618E+00
   24283    13317        1   0.0000E+00   0.0000E+00   0.8088E-01   0.8088E-01
   24284     8940        1   0.0000E+00   0.0000E+00   0.7498E-01   0.7498E-01
   24285     2793        1   0.0000E+00   0.0000E+00   0.1816E-03   0.1816E-03
   24286     2792        1   0.0000E+00   0.0000E+00   0.3848E-03   0.3848E-03
   24287     4947        1   0.0000E+00   0.0000E+00   0.1639E-03   0.1639E-03
   24288     9420        1   0.0000E+00   0.0000E+00   0.3349E-03   0.3349E-03
   24289    25724        1   0.0000E+00   0.0000E+00   0.6102E-03   0.6102E-03
   24290    27880        1   0.0000E+00   0.0000E+00   0.3655E-03   0.3655E-03
   24291      220        1   0.0000E+00   0.0000E+00   0.3507E-03   0.3507E-03
   24292     4948        1   0.0000E+00   0.0000E+00   0.1087E-02   0.1087E-02
   24293    27888        1   0.0000E+00   0.0000E+00   0.1339E-02   0.1339E-02
   24294    27881        1   0.0000E+00   0.0000E+00   0.1867E-02   0.1867E-02
   24295    27889        1   0.0000E+00   0.0000E+00   0.1008E-02   0.1008E-02
   24297      230        1   0.0000E+00   0.0000E+00   0.2884E-03   0.2884E-03
   24298     4945        1   0.0000E+00   0.0000E+00   0.5946E-03   0.5946E-03
   24299    37433        1   0.0000E+00   0.0000E+00   0.2486E-03   0.2486E-03
   24300    37435        1   0.0000E+00   0.0000E+00   0.2255E-03   0.2255E-03
   24301    37434        1   0.0000E+00   0.0000E+00   0.9198E-04   0.9198E-04
   24302     2796        1   0.0000E+00   0.0000E+00   0.1404E-01   0.1404E-01
   24303      229        1   0.0000E+00   0.0000E+00   0.7970E-03   0.7970E-03
   24304    34137        1   0.0000E+00   0.0000E+00   0.1441E-01   0.1441E-01
   24305    39108        1   0.0000E+00   0.0000E+00   0.3082E-01   0.3082E-01
   24306    10223        1   0.0000E+00   0.0000E+00   0.4379E-01   0.4379E-01
   24307    41761        1   0.0000E+00   0.0000E+00   0.2139E-03   0.2139E-03
   24308    41762        1   0.0000E+00   0.0000E+00   0.4236E-03   0.4236E-03
   24309     4946        1   0.0000E+00   0.0000E+00   0.9458E-03   0.9458E-03
   24310    41834        1   0.0000E+00   0.0000E+00   0.4985E-02   0.4985E-02
   24311    41835        1   0.0000E+00   0.0000E+00   0.1294E-01   0.1294E-01
   24312    41446        1   0.0000E+00   0.0000E+00   0.4542E-02   0.4542E-02
   24314    42763        1   0.0000E+00   0.0000E+00   0.1376E-02   0.1376E-02
   24315    42764        1   0.0000E+00   0.0000E+00   0.2794E-02   0.2794E-02
   24317    43065        1   0.0000E+00   0.0000E+00   0.1223E-01   0.1223E-01
   24318    43392        1   0.0000E+00   0.0000E+00   0.7032E-02   0.7032E-02
   24319     4951        1   0.0000E+00   0.0000E+00   0.3823E-01   0.3823E-01
   24320    44201        1   0.0000E+00   0.0000E+00   0.7450E-01   0.7450E-01
   24321    44202        1   0.0000E+00   0.0000E+00   0.3099E-01   0.3099E-01
   24322    11253        1   0.0000E+00   0.0000E+00   0.1293E+00   0.1293E+00
   24323    45048        1   0.0000E+00   0.0000E+00   0.3710E-01   0.3710E-01
   24324    34130        1   0.0000E+00   0.0000E+00   0.1796E-02   0.1796E-02
   24325    45422        1   0.0000E+00   0.0000E+00   0.1406E-02   0.1406E-02
   24326    45427        1   0.0000E+00   0.0000E+00   0.2357E+00   0.2357E+00
   24329    46463        1   0.0000E+00   0.0000E+00   0.2966E-01   0.2966E-01
   24330    43355        1   0.0000E+00   0.0000E+00   0.6087E-03   0.6087E-03
   24331     2644        1   0.0000E+00   0.0000E+00   0.3283E+00   0.3283E+00
   24332     2643        1   0.0000E+00   0.0000E+00   0.2766E+00   0.2766E+00
   24333     4927        1   0.0000E+00   0.0000E+00   0.4882E-01   0.4882E-01
   24334    11723        1   0.0000E+00   0.0000E+00   0.4408E+00   0.4408E+00
   24335    11731        1   0.0000E+00   0.0000E+00   0.2022E+00   0.2022E+00
   24336    11730        1   0.0000E+00   0.0000E+00   0.2344E+00   0.2344E+00
   24337     4923        1   0.0000E+00   0.0000E+00   0.4255E-02   0.4255E-02
   24338      224        1   0.0000E+00   0.0000E+00   0.6620E-02   0.6620E-02
   24339     4922        1   0.0000E+00   0.0000E+00   0.7780E-02   0.7780E-02
   24340    19561        1   0.0000E+00   0.0000E+00   0.1300E-01   0.1300E-01
   24341    19563        1   0.0000E+00   0.0000E+00   0.7845E-02   0.7845E-02
   24342    19562        1   0.0000E+00   0.0000E+00   0.1347E-01   0.1347E-01
   24343     2641        1   0.0000E+00   0.0000E+00   0.1049E+00   0.1049E+00
   24344      223        1   0.0000E+00   0.0000E+00   0.3534E-01   0.3534E-01
   24345     2642        1   0.0000E+00   0.0000E+00   0.1943E+00   0.1943E+00
   24346    22080        1   0.0000E+00   0.0000E+00   0.9831E-01   0.9831E-01
   24347    22081        1   0.0000E+00   0.0000E+00   0.1164E+00   0.1164E+00
   24348    18996        1   0.0000E+00   0.0000E+00   0.1969E+00   0.1969E+00
   24349     2647        1   0.0000E+00   0.0000E+00   0.3025E+00   0.3025E+00
   24350     2646        1   0.0000E+00   0.0000E+00   0.4945E+00   0.4945E+00
   24351     4925        1   0.0000E+00   0.0000E+00   0.6220E-01   0.6220E-01
   24352    23442        1   0.0000E+00   0.0000E+00   0.4719E+00   0.4719E+00
   24353    23439        1   0.0000E+00   0.0000E+00   0.2460E+00   0.2460E+00
   24354    23443        1   0.0000E+00   0.0000E+00   0.2000E+00   0.2000E+00
   24355     2640        1   0.0000E+00   0.0000E+00   0.3394E-01   0.3394E-01
   24356      210        1   0.0000E+00   0.0000E+00   0.6171E-02   0.6171E-02
   24357    32417        1   0.0000E+00   0.0000E+00   0.2275E-01   0.2275E-01
   24358    31314        1   0.0000E+00   0.0000E+00   0.2195E-01   0.2195E-01
   24359    19108        1   0.0000E+00   0.0000E+00   0.3530E-01   0.3530E-01
   24360    33939        1   0.0000E+00   0.0000E+00   0.7543E-02   0.7543E-02
   24361      211        1   0.0000E+00   0.0000E+00   0.5293E-02   0.5293E-02
   24362    33945        1   0.0000E+00   0.0000E+00   0.6898E-02   0.6898E-02
   24363    33946        1   0.0000E+00   0.0000E+00   0.1329E-01   0.1329E-01
   24364     2648        1   0.0000E+00   0.0000E+00   0.9978E-01   0.9978E-01
   24365     4924        1   0.0000E+00   0.0000E+00   0.3026E-01   0.3026E-01
   24366    35050        1   0.0000E+00   0.0000E+00   0.2401E+00   0.2401E+00
   24367    28655        1   0.0000E+00   0.0000E+00   0.1573E+00   0.1573E+00
   24368    35044        1   0.0000E+00   0.0000E+00   0.1016E+00   0.1016E+00
   24369     2649        1   0.0000E+00   0.0000E+00   0.2687E-01   0.2687E-01
   24370    36421        1   0.0000E+00   0.0000E+00   0.2261E-01   0.2261E-01
   24371    36426        1   0.0000E+00   0.0000E+00   0.3112E-01   0.3112E-01
   24372    19119        1   0.0000E+00   0.0000E+00   0.1043E+00   0.1043E+00
   24373    39424        1   0.0000E+00   0.0000E+00   0.7597E-01   0.7597E-01
   24374    39866        1   0.0000E+00   0.0000E+00   0.7887E-01   0.7887E-01
   24375    39867        1   0.0000E+00   0.0000E+00   0.5272E-01   0.5272E-01
   24376     4926        1   0.0000E+00   0.0000E+00   0.8727E-01   0.8727E-01
   24377    13781        1   0.0000E+00   0.0000E+00   0.2851E+00   0.2851E+00
   24378    41740        1   0.0000E+00   0.0000E+00   0.1229E+00   0.1229E+00
   24379     4928        1   0.0000E+00   0.0000E+00   0.5299E-01   0.5299E-01
   24380    31553        1   0.0000E+00   0.0000E+00   0.1741E+00   0.1741E+00
   24381    41816        1   0.0000E+00   0.0000E+00   0.8365E-01   0.8365E-01
   24382    42747        1   0.0000E+00   0.0000E+00   0.7591E-01   0.7591E-01
   24383     2645        1   0.0000E+00   0.0000E+00   0.5288E+00   0.5288E+00
   24384    43018        1   0.0000E+00   0.0000E+00   0.2456E+00   0.2456E+00
   24385    43024        1   0.0000E+00   0.0000E+00   0.2175E+00   0.2175E+00
   24386    43023        1   0.0000E+00   0.0000E+00   0.1216E+00   0.1216E+00
   24387    43025        1   0.0000E+00   0.0000E+00   0.6298E+00   0.6298E+00
   24388    39151        1   0.0000E+00   0.0000E+00   0.3993E+00   0.3993E+00
   24389    43071        1   0.0000E+00   0.0000E+00   0.1562E+00   0.1562E+00
   24390    20217        1   0.0000E+00   0.0000E+00   0.2999E-01   0.2999E-01
   24391    45917        1   0.0000E+00   0.0000E+00   0.6324E-01   0.6324E-01
   24392    45918        1   0.0000E+00   0.0000E+00   0.4269E-01   0.4269E-01
   24393    43022        1   0.0000E+00   0.0000E+00   0.5567E+00   0.5567E+00
   24394     2666        1   0.0000E+00   0.0000E+00   0.2167E+00   0.2167E+00
   24395     2665        1   0.0000E+00   0.0000E+00   0.7535E-01   0.7535E-01
   24396     4936        1   0.0000E+00   0.0000E+00   0.3063E-01   0.3063E-01
   24397     8866        1   0.0000E+00   0.0000E+00   0.1723E+00   0.1723E+00
   24398    10907        1   0.0000E+00   0.0000E+00   0.8176E-01   0.8176E-01
   24399    10906        1   0.0000E+00   0.0000E+00   0.1210E+00   0.1210E+00
   24400      225        1   0.0000E+00   0.0000E+00   0.8945E-02   0.8945E-02
   24401      212        1   0.0000E+00   0.0000E+00   0.6198E-02   0.6198E-02
   24402     4929        1   0.0000E+00   0.0000E+00   0.1310E-01   0.1310E-01
   24403    11475        1   0.0000E+00   0.0000E+00   0.2094E-01   0.2094E-01
   24404    11464        1   0.0000E+00   0.0000E+00   0.2199E-01   0.2199E-01
   24405    11476        1   0.0000E+00   0.0000E+00   0.1243E-01   0.1243E-01
   24406     4931        1   0.0000E+00   0.0000E+00   0.1529E+00   0.1529E+00
   24407      226        1   0.0000E+00   0.0000E+00   0.1526E-01   0.1526E-01
   24408     2672        1   0.0000E+00   0.0000E+00   0.7598E+00   0.7598E+00
   24409    20747        1   0.0000E+00   0.0000E+00   0.2328E+00   0.2328E+00
   24410    20749        1   0.0000E+00   0.0000E+00   0.5350E+00   0.5350E+00
   24411    20748        1   0.0000E+00   0.0000E+00   0.6751E+00   0.6751E+00
   24412     4930        1   0.0000E+00   0.0000E+00   0.1025E-01   0.1025E-01
   24413    35132        1   0.0000E+00   0.0000E+00   0.1284E-01   0.1284E-01
   24414    35131        1   0.0000E+00   0.0000E+00   0.3075E-01   0.3075E-01
   24415     2668        1   0.0000E+00   0.0000E+00   0.6633E+00   0.6633E+00
   24416     2667        1   0.0000E+00   0.0000E+00   0.4576E+00   0.4576E+00
   24417     4934        1   0.0000E+00   0.0000E+00   0.7350E-01   0.7350E-01
   24418    38791        1   0.0000E+00   0.0000E+00   0.6463E+00   0.6463E+00
   24419    38795        1   0.0000E+00   0.0000E+00   0.3798E+00   0.3798E+00
   24420    35181        1   0.0000E+00   0.0000E+00   0.5427E+00   0.5427E+00
   24421     4935        1   0.0000E+00   0.0000E+00   0.5162E-01   0.5162E-01
   24422    38798        1   0.0000E+00   0.0000E+00   0.2952E+00   0.2952E+00
   24423    40207        1   0.0000E+00   0.0000E+00   0.1376E+00   0.1376E+00
   24424    10873        1   0.0000E+00   0.0000E+00   0.4973E+00   0.4973E+00
   24425    40212        1   0.0000E+00   0.0000E+00   0.2390E+00   0.2390E+00
   24426     2669        1   0.0000E+00   0.0000E+00   0.9660E+00   0.9660E+00
   24427    34897        1   0.0000E+00   0.0000E+00   0.1041E+01   0.1041E+01
   24428    41373        1   0.0000E+00   0.0000E+00   0.5996E+00   0.5996E+00
   24429     2670        1   0.0000E+00   0.0000E+00   0.1393E+01   0.1393E+01
   24430     4933        1   0.0000E+00   0.0000E+00   0.1296E+00   0.1296E+00
   24431    35609        1   0.0000E+00   0.0000E+00   0.1522E+01   0.1522E+01
   24432    41382        1   0.0000E+00   0.0000E+00   0.6988E+00   0.6988E+00
   24433    41499        1   0.0000E+00   0.0000E+00   0.8552E+00   0.8552E+00
   24434    41584        1   0.0000E+00   0.0000E+00   0.7799E-01   0.7799E-01
   24435     2673        1   0.0000E+00   0.0000E+00   0.2209E+00   0.2209E+00
   24436    42790        1   0.0000E+00   0.0000E+00   0.2901E+00   0.2901E+00
   24437    20752        1   0.0000E+00   0.0000E+00   0.5297E+00   0.5297E+00
   24438      213        1   0.0000E+00   0.0000E+00   0.3998E-01   0.3998E-01
   24439    43332        1   0.0000E+00   0.0000E+00   0.3659E-01   0.3659E-01
   24440    43333        1   0.0000E+00   0.0000E+00   0.6694E-01   0.6694E-01
   24441     4932        1   0.0000E+00   0.0000E+00   0.2396E+00   0.2396E+00
   24442    43941        1   0.0000E+00   0.0000E+00   0.6050E+00   0.6050E+00
   24443    43942        1   0.0000E+00   0.0000E+00   0.3144E+00   0.3144E+00
   24444    45301        1   0.0000E+00   0.0000E+00   0.2490E+00   0.2490E+00
   24445    45415        1   0.0000E+00   0.0000E+00   0.1416E+00   0.1416E+00
   24446    18569        1   0.0000E+00   0.0000E+00   0.1803E+00   0.1803E+00
   24447    45411        1   0.0000E+00   0.0000E+00   0.5087E-01   0.5087E-01
   24448     2671        1   0.0000E+00   0.0000E+00   0.1555E+01   0.1555E+01
   24449    45857        1   0.0000E+00   0.0000E+00   0.1826E+01   0.1826E+01
   24450    45858        1   0.0000E+00   0.0000E+00   0.7739E+00   0.7739E+00
   24451    45856        1   0.0000E+00   0.0000E+00   0.1423E+01   0.1423E+01
   24452    43970        1   0.0000E+00   0.0000E+00   0.5474E+00   0.5474E+00
   24453    45859        1   0.0000E+00   0.0000E+00   0.3145E+00   0.3145E+00
   24454    26308        1   0.0000E+00   0.0000E+00   0.5312E-01   0.5312E-01
   24455    45954        1   0.0000E+00   0.0000E+00   0.3075E-01   0.3075E-01
   24456     2664        1   0.0000E+00   0.0000E+00   0.2286E-01   0.2286E-01
   24457    23481        1   0.0000E+00   0.0000E+00   0.3307E-01   0.3307E-01
   24458    32427        1   0.0000E+00   0.0000E+00   0.5993E-01   0.5993E-01
   24459    11496        1   0.0000E+00   0.0000E+00   0.1563E-01   0.1563E-01
   24460     2710        1   0.0000E+00   0.0000E+00   0.4971E-01   0.4971E-01
   24462     2711        1   0.0000E+00   0.0000E+00   0.3374E-01   0.3374E-01
   24463    24419        1   0.0000E+00   0.0000E+00   0.6868E-02   0.6868E-02
   24464    24421        1   0.0000E+00   0.0000E+00   0.1373E-01   0.1373E-01
   24465    24420        1   0.0000E+00   0.0000E+00   0.2867E-01   0.2867E-01
   24466     2709        1   0.0000E+00   0.0000E+00   0.4861E-01   0.4861E-01
   24468     4956        1   0.0000E+00   0.0000E+00   0.1226E-01   0.1226E-01
   24469    30387        1   0.0000E+00   0.0000E+00   0.2336E-01   0.2336E-01
   24470    30389        1   0.0000E+00   0.0000E+00   0.2846E-01   0.2846E-01
   24471    30388        1   0.0000E+00   0.0000E+00   0.2604E-01   0.2604E-01
   24474    30649        1   0.0000E+00   0.0000E+00   0.2296E-01   0.2296E-01
   24475     4957        1   0.0000E+00   0.0000E+00   0.5728E-01   0.5728E-01
   24476    33905        1   0.0000E+00   0.0000E+00   0.3828E-01   0.3828E-01
   24477    33904        1   0.0000E+00   0.0000E+00   0.1394E-01   0.1394E-01
   24478     2712        1   0.0000E+00   0.0000E+00   0.3933E-02   0.3933E-02
   24479      231        1   0.0000E+00   0.0000E+00   0.3007E-03   0.3007E-03
   24480     2713        1   0.0000E+00   0.0000E+00   0.1359E-02   0.1359E-02
   24481    16533        1   0.0000E+00   0.0000E+00   0.1979E-02   0.1979E-02
   24482    35828        1   0.0000E+00   0.0000E+00   0.1739E-02   0.1739E-02
   24483    35827        1   0.0000E+00   0.0000E+00   0.3396E-02   0.3396E-02
   24484      215        1   0.0000E+00   0.0000E+00   0.6291E-03   0.6291E-03
   24485    35830        1   0.0000E+00   0.0000E+00   0.2183E-02   0.2183E-02
   24486    15106        1   0.0000E+00   0.0000E+00   0.2104E-02   0.2104E-02
   24487     4955        1   0.0000E+00   0.0000E+00   0.6788E-02   0.6788E-02
   24488    35622        1   0.0000E+00   0.0000E+00   0.9539E-01   0.9539E-01
   24489    36396        1   0.0000E+00   0.0000E+00   0.3050E-01   0.3050E-01
   24490    36395        1   0.0000E+00   0.0000E+00   0.2055E-01   0.2055E-01
   24491     4953        1   0.0000E+00   0.0000E+00   0.2945E-03   0.2945E-03
   24492    37400        1   0.0000E+00   0.0000E+00   0.3389E-02   0.3389E-02
   24493    37399        1   0.0000E+00   0.0000E+00   0.7767E-02   0.7767E-02
   24494    37403        1   0.0000E+00   0.0000E+00   0.1074E-01   0.1074E-01
   24495     4960        1   0.0000E+00   0.0000E+00   0.2056E-02   0.2056E-02
   24496      214        1   0.0000E+00   0.0000E+00   0.5085E-02   0.5085E-02
   24497     4954        1   0.0000E+00   0.0000E+00   0.1641E-02   0.1641E-02
   24498     8111        1   0.0000E+00   0.0000E+00   0.1069E-01   0.1069E-01
   24499    37466        1   0.0000E+00   0.0000E+00   0.5634E-02   0.5634E-02
   24500    37465        1   0.0000E+00   0.0000E+00   0.4660E-02   0.4660E-02
   24501     2706        1   0.0000E+00   0.0000E+00   0.1749E-01   0.1749E-01
   24503    38644        1   0.0000E+00   0.0000E+00   0.5458E-01   0.5458E-01
   24504    35642        1   0.0000E+00   0.0000E+00   0.4344E-02   0.4344E-02
   24505    24117        1   0.0000E+00   0.0000E+00   0.3414E-02   0.3414E-02
   24506     4958        1   0.0000E+00   0.0000E+00   0.2659E-01   0.2659E-01
   24507    33078        1   0.0000E+00   0.0000E+00   0.5279E-01   0.5279E-01
   24508    41409        1   0.0000E+00   0.0000E+00   0.1989E-01   0.1989E-01
   24509    42751        1   0.0000E+00   0.0000E+00   0.8856E-03   0.8856E-03
   24510    42757        1   0.0000E+00   0.0000E+00   0.4285E-02   0.4285E-02
   24511    15113        1   0.0000E+00   0.0000E+00   0.1471E-02   0.1471E-02
   24512     2705        1   0.0000E+00   0.0000E+00   0.5312E-01   0.5312E-01
   24513     2704        1   0.0000E+00   0.0000E+00   0.1123E-01   0.1123E-01
   24514     4959        1   0.0000E+00   0.0000E+00   0.1252E-01   0.1252E-01
   24515    42834        1   0.0000E+00   0.0000E+00   0.3178E-01   0.3178E-01
   24516    39094        1   0.0000E+00   0.0000E+00   0.3371E-01   0.3371E-01
   24517    39553        1   0.0000E+00   0.0000E+00   0.4580E-01   0.4580E-01
   24518    43154        1   0.0000E+00   0.0000E+00   0.2410E-01   0.2410E-01
   24519     8107        1   0.0000E+00   0.0000E+00   0.8914E-02   0.8914E-02
   24520    35091        1   0.0000E+00   0.0000E+00   0.1241E-01   0.1241E-01
   24521    19499        1   0.0000E+00   0.0000E+00   0.7669E-01   0.7669E-01
   24522    23122        1   0.0000E+00   0.0000E+00   0.5995E-01   0.5995E-01
   24523    46592        1   0.0000E+00   0.0000E+00   0.1751E-02   0.1751E-02
   24524    46602        1   0.0000E+00   0.0000E+00   0.1931E-01   0.1931E-01
   24525    46608        1   0.0000E+00   0.0000E+00   0.1942E-01   0.1942E-01
   24526     5474        1   0.0000E+00   0.0000E+00   0.2327E+01   0.2327E+01
   24528     5511        1   0.0000E+00   0.0000E+00   0.9308E+00   0.9308E+00
   24529     9324        1   0.0000E+00   0.0000E+00   0.1163E+01   0.1163E+01
   24530     9325        1   0.0000E+00   0.0000E+00   0.2129E+01   0.2129E+01
   24531     9317        1   0.0000E+00   0.0000E+00   0.2310E+01   0.2310E+01
   24534     9128        1   0.0000E+00   0.0000E+00   0.1533E+01   0.1533E+01
   24542     5532        1   0.0000E+00   0.0000E+00   0.7135E+00   0.7135E+00
   24544    10436        1   0.0000E+00   0.0000E+00   0.5054E+00   0.5054E+00
   24546     5515        1   0.0000E+00   0.0000E+00   0.5553E+00   0.5553E+00
   24547     5471        1   0.0000E+00   0.0000E+00   0.2324E+00   0.2324E+00
   24548     5516        1   0.0000E+00   0.0000E+00   0.5224E+00   0.5224E+00
   24549    11566        1   0.0000E+00   0.0000E+00   0.9036E+00   0.9036E+00
   24550    11578        1   0.0000E+00   0.0000E+00   0.8881E+00   0.8881E+00
   24551    11577        1   0.0000E+00   0.0000E+00   0.8809E+00   0.8809E+00
   24569     5534        1   0.0000E+00   0.0000E+00   0.1370E+00   0.1370E+00
   24570     5485        1   0.0000E+00   0.0000E+00   0.5805E+00   0.5805E+00
   24571     5548        1   0.0000E+00   0.0000E+00   0.3158E+00   0.3158E+00
   24572    18705        1   0.0000E+00   0.0000E+00   0.8224E+00   0.8224E+00
   24573    18707        1   0.0000E+00   0.0000E+00   0.7176E+00   0.7176E+00
   24574    18706        1   0.0000E+00   0.0000E+00   0.8231E+00   0.8231E+00
   24575     5538        1   0.0000E+00   0.0000E+00   0.2580E+00   0.2580E+00
   24577     5482        1   0.0000E+00   0.0000E+00   0.3352E-01   0.3352E-01
   24580    19780        1   0.0000E+00   0.0000E+00   0.3633E+00   0.3633E+00
   24587      207        1   0.0000E+00   0.0000E+00   0.2901E-02   0.2901E-02
   24588    19817        1   0.0000E+00   0.0000E+00   0.4821E-01   0.4821E-01
   24601    16234        1   0.0000E+00   0.0000E+00   0.7451E+00   0.7451E+00
   24602    20007        1   0.0000E+00   0.0000E+00   0.2445E-02   0.2445E-02
   24603    20179        1   0.0000E+00   0.0000E+00   0.1178E+01   0.1178E+01
   24610     5527        1   0.0000E+00   0.0000E+00   0.1011E+00   0.1011E+00
   24611     5477        1   0.0000E+00   0.0000E+00   0.1241E+01   0.1241E+01
   24612    23801        1   0.0000E+00   0.0000E+00   0.9866E+00   0.9866E+00
   24613    23791        1   0.0000E+00   0.0000E+00   0.1039E+01   0.1039E+01
   24614    23802        1   0.0000E+00   0.0000E+00   0.1125E+01   0.1125E+01
   24621     5495        1   0.0000E+00   0.0000E+00   0.8604E-01   0.8604E-01
   24623    24490        1   0.0000E+00   0.0000E+00   0.2400E+00   0.2400E+00
   24624    24492        1   0.0000E+00   0.0000E+00   0.6936E-01   0.6936E-01
   24625    24491        1   0.0000E+00   0.0000E+00   0.1028E+00   0.1028E+00
   24627    24487        1   0.0000E+00   0.0000E+00   0.4995E-01   0.4995E-01
   24644     5544        1   0.0000E+00   0.0000E+00   0.1044E+01   0.1044E+01
   24645     5541        1   0.0000E+00   0.0000E+00   0.9189E+00   0.9189E+00
   24646     5546        1   0.0000E+00   0.0000E+00   0.4927E+00   0.4927E+00
   24647    27553        1   0.0000E+00   0.0000E+00   0.1739E+01   0.1739E+01
   24648    27554        1   0.0000E+00   0.0000E+00   0.1427E+01   0.1427E+01
   24649    27488        1   0.0000E+00   0.0000E+00   0.1564E+01   0.1564E+01
   24650     5500        1   0.0000E+00   0.0000E+00   0.5662E+00   0.5662E+00
   24651     2632        1   0.0000E+00   0.0000E+00   0.8890E+00   0.8890E+00
   24652     5521        1   0.0000E+00   0.0000E+00   0.6720E+00   0.6720E+00
   24653    27891        1   0.0000E+00   0.0000E+00   0.1484E+01   0.1484E+01
   24654    15266        1   0.0000E+00   0.0000E+00   0.1035E+01   0.1035E+01
   24655    27599        1   0.0000E+00   0.0000E+00   0.1322E+01   0.1322E+01
   24656     5514        1   0.0000E+00   0.0000E+00   0.1735E+00   0.1735E+00
   24657     5545        1   0.0000E+00   0.0000E+00   0.7174E+00   0.7174E+00
   24658    28058        1   0.0000E+00   0.0000E+00   0.7029E+00   0.7029E+00
   24659    28060        1   0.0000E+00   0.0000E+00   0.1155E+01   0.1155E+01
   24660    28059        1   0.0000E+00   0.0000E+00   0.8019E+00   0.8019E+00
   24669      250        1   0.0000E+00   0.0000E+00   0.4256E+00   0.4256E+00
   24674     5551        1   0.0000E+00   0.0000E+00   0.9653E+00   0.9653E+00
   24675     5501        1   0.0000E+00   0.0000E+00   0.1097E+01   0.1097E+01
   24676     5537        1   0.0000E+00   0.0000E+00   0.9260E+00   0.9260E+00
   24677    29124        1   0.0000E+00   0.0000E+00   0.2318E+01   0.2318E+01
   24678    29126        1   0.0000E+00   0.0000E+00   0.2131E+01   0.2131E+01
   24679    29125        1   0.0000E+00   0.0000E+00   0.1669E+01   0.1669E+01
   24686     2627        1   0.0000E+00   0.0000E+00   0.1398E+01   0.1398E+01
   24687     2628        1   0.0000E+00   0.0000E+00   0.1996E+01   0.1996E+01
   24688    29901        1   0.0000E+00   0.0000E+00   0.3712E+01   0.3712E+01
   24689    29903        1   0.0000E+00   0.0000E+00   0.3934E+01   0.3934E+01
   24690    29902        1   0.0000E+00   0.0000E+00   0.3282E+01   0.3282E+01
   24691     5524        1   0.0000E+00   0.0000E+00   0.8877E+00   0.8877E+00
   24692    29909        1   0.0000E+00   0.0000E+00   0.2146E+01   0.2146E+01
   24693    28234        1   0.0000E+00   0.0000E+00   0.1831E+01   0.1831E+01
   24694    29914        1   0.0000E+00   0.0000E+00   0.1622E+01   0.1622E+01
   24695     5547        1   0.0000E+00   0.0000E+00   0.4128E+00   0.4128E+00
   24696    29980        1   0.0000E+00   0.0000E+00   0.1254E+01   0.1254E+01
   24697    29982        1   0.0000E+00   0.0000E+00   0.1615E+01   0.1615E+01
   24698    29981        1   0.0000E+00   0.0000E+00   0.1428E+01   0.1428E+01
   24701    30561        1   0.0000E+00   0.0000E+00   0.3765E+00   0.3765E+00
   24702    30562        1   0.0000E+00   0.0000E+00   0.7750E+00   0.7750E+00
   24703    30563        1   0.0000E+00   0.0000E+00   0.9517E+00   0.9517E+00
   24717     2635        1   0.0000E+00   0.0000E+00   0.8967E-01   0.8967E-01
   24718      204        1   0.0000E+00   0.0000E+00   0.3601E+00   0.3601E+00
   24720    30903        1   0.0000E+00   0.0000E+00   0.2040E+00   0.2040E+00
   24721    30906        1   0.0000E+00   0.0000E+00   0.3066E+00   0.3066E+00
   24728     5520        1   0.0000E+00   0.0000E+00   0.4800E+00   0.4800E+00
   24729     5468        1   0.0000E+00   0.0000E+00   0.1963E+00   0.1963E+00
   24730     5499        1   0.0000E+00   0.0000E+00   0.3098E+00   0.3098E+00
   24731    31137        1   0.0000E+00   0.0000E+00   0.5212E+00   0.5212E+00
   24732    27316        1   0.0000E+00   0.0000E+00   0.7122E+00   0.7122E+00
   24733    31138        1   0.0000E+00   0.0000E+00   0.5609E+00   0.5609E+00
   24734     5496        1   0.0000E+00   0.0000E+00   0.1395E+00   0.1395E+00
   24735    31832        1   0.0000E+00   0.0000E+00   0.2188E+00   0.2188E+00
   24736    31834        1   0.0000E+00   0.0000E+00   0.4258E+00   0.4258E+00
   24737    31833        1   0.0000E+00   0.0000E+00   0.3887E+00   0.3887E+00
   24738    31874        1   0.0000E+00   0.0000E+00   0.1591E+00   0.1591E+00
   24739    31873        1   0.0000E+00   0.0000E+00   0.1022E+00   0.1022E+00
   24740     5523        1   0.0000E+00   0.0000E+00   0.9767E+00   0.9767E+00
   24741     5473        1   0.0000E+00   0.0000E+00   0.3539E+00   0.3539E+00
   24742     5522        1   0.0000E+00   0.0000E+00   0.8058E+00   0.8058E+00
   24743    13150        1   0.0000E+00   0.0000E+00   0.1306E+01   0.1306E+01
   24744    32530        1   0.0000E+00   0.0000E+00   0.8901E+00   0.8901E+00
   24745    32529        1   0.0000E+00   0.0000E+00   0.1138E+01   0.1138E+01
   24755     5472        1   0.0000E+00   0.0000E+00   0.2590E+00   0.2590E+00
   24756    24270        1   0.0000E+00   0.0000E+00   0.1165E+01   0.1165E+01
   24757    24258        1   0.0000E+00   0.0000E+00   0.1123E+01   0.1123E+01
   24758    34110        1   0.0000E+00   0.0000E+00   0.8763E+00   0.8763E+00
   24759     5517        1   0.0000E+00   0.0000E+00   0.1819E+01   0.1819E+01
   24760      203        1   0.0000E+00   0.0000E+00   0.2902E+01   0.2902E+01
   24761    34840        1   0.0000E+00   0.0000E+00   0.4563E+01   0.4563E+01
   24762    34842        1   0.0000E+00   0.0000E+00   0.3953E+01   0.3953E+01
   24763    34841        1   0.0000E+00   0.0000E+00   0.4450E+01   0.4450E+01
   24764     2629        1   0.0000E+00   0.0000E+00   0.2914E+01   0.2914E+01
   24765    34853        1   0.0000E+00   0.0000E+00   0.2965E+01   0.2965E+01
   24766    34977        1   0.0000E+00   0.0000E+00   0.5520E+01   0.5520E+01
   24767     5518        1   0.0000E+00   0.0000E+00   0.4382E+00   0.4382E+00
   24768     5469        1   0.0000E+00   0.0000E+00   0.1765E+00   0.1765E+00
   24769    26965        1   0.0000E+00   0.0000E+00   0.8575E+00   0.8575E+00
   24770    35290        1   0.0000E+00   0.0000E+00   0.5858E+00   0.5858E+00
   24771    35289        1   0.0000E+00   0.0000E+00   0.6503E+00   0.6503E+00
   24772     5540        1   0.0000E+00   0.0000E+00   0.1943E+01   0.1943E+01
   24773     5542        1   0.0000E+00   0.0000E+00   0.1400E+01   0.1400E+01
   24774    35983        1   0.0000E+00   0.0000E+00   0.2054E+01   0.2054E+01
   24775    35985        1   0.0000E+00   0.0000E+00   0.2005E+01   0.2005E+01
   24776    35984        1   0.0000E+00   0.0000E+00   0.1818E+01   0.1818E+01
   24778    15275        1   0.0000E+00   0.0000E+00   0.1249E+01   0.1249E+01
   24779    36194        1   0.0000E+00   0.0000E+00   0.1167E+01   0.1167E+01
   24786     5508        1   0.0000E+00   0.0000E+00   0.1568E+00   0.1568E+00
   24787    37605        1   0.0000E+00   0.0000E+00   0.1070E+01   0.1070E+01
   24795    26957        1   0.0000E+00   0.0000E+00   0.8861E+00   0.8861E+00
   24796    37633        1   0.0000E+00   0.0000E+00   0.1241E+01   0.1241E+01
   24797    11560        1   0.0000E+00   0.0000E+00   0.2000E+01   0.2000E+01
   24803     2633        1   0.0000E+00   0.0000E+00   0.4949E-01   0.4949E-01
   24804    10537        1   0.0000E+00   0.0000E+00   0.6673E-01   0.6673E-01
   24805    37405        1   0.0000E+00   0.0000E+00   0.8724E+00   0.8724E+00
   24807    38692        1   0.0000E+00   0.0000E+00   0.6948E+00   0.6948E+00
   24808    31061        1   0.0000E+00   0.0000E+00   0.8541E-01   0.8541E-01
   24809     7827        1   0.0000E+00   0.0000E+00   0.1783E+01   0.1783E+01
   24810    38905        1   0.0000E+00   0.0000E+00   0.2011E+01   0.2011E+01
   24822     5481        1   0.0000E+00   0.0000E+00   0.8163E+00   0.8163E+00
   24825    40141        1   0.0000E+00   0.0000E+00   0.9907E+00   0.9907E+00
   24842     2626        1   0.0000E+00   0.0000E+00   0.7547E+00   0.7547E+00
   24843    13154        1   0.0000E+00   0.0000E+00   0.1391E+01   0.1391E+01
   24844    41628        1   0.0000E+00   0.0000E+00   0.1420E+01   0.1420E+01
   24845    41627        1   0.0000E+00   0.0000E+00   0.1416E+01   0.1416E+01
   24848     5519        1   0.0000E+00   0.0000E+00   0.8009E+00   0.8009E+00
   24850    32467        1   0.0000E+00   0.0000E+00   0.3230E+00   0.3230E+00
   24851    41647        1   0.0000E+00   0.0000E+00   0.2913E+00   0.2913E+00
   24853     5464        1   0.0000E+00   0.0000E+00   0.3404E-01   0.3404E-01
   24854    41933        1   0.0000E+00   0.0000E+00   0.2988E-01   0.2988E-01
   24855    41934        1   0.0000E+00   0.0000E+00   0.1024E+00   0.1024E+00
   24856     5498        1   0.0000E+00   0.0000E+00   0.2563E+00   0.2563E+00
   24857     5497        1   0.0000E+00   0.0000E+00   0.1972E+00   0.1972E+00
   24858    41941        1   0.0000E+00   0.0000E+00   0.5083E+00   0.5083E+00
   24859    31280        1   0.0000E+00   0.0000E+00   0.4989E+00   0.4989E+00
   24860    41942        1   0.0000E+00   0.0000E+00   0.8239E+00   0.8239E+00
   24866    41980        1   0.0000E+00   0.0000E+00   0.2578E+01   0.2578E+01
   24867    41979        1   0.0000E+00   0.0000E+00   0.2087E+01   0.2087E+01
   24868    41988        1   0.0000E+00   0.0000E+00   0.3085E+00   0.3085E+00
   24870    30837        1   0.0000E+00   0.0000E+00   0.4956E+00   0.4956E+00
   24871    32455        1   0.0000E+00   0.0000E+00   0.9128E+00   0.9128E+00
   24872      200        1   0.0000E+00   0.0000E+00   0.2960E+00   0.2960E+00
   24873     8292        1   0.0000E+00   0.0000E+00   0.9706E+00   0.9706E+00
   24874    39765        1   0.0000E+00   0.0000E+00   0.1256E+01   0.1256E+01
   24875    42060        1   0.0000E+00   0.0000E+00   0.3796E+00   0.3796E+00
   24886    42801        1   0.0000E+00   0.0000E+00   0.1742E+00   0.1742E+00
   24888    24484        1   0.0000E+00   0.0000E+00   0.3432E-01   0.3432E-01
   24889    27526        1   0.0000E+00   0.0000E+00   0.1598E+01   0.1598E+01
   24890    42831        1   0.0000E+00   0.0000E+00   0.9081E+00   0.9081E+00
   24891     5470        1   0.0000E+00   0.0000E+00   0.2163E+00   0.2163E+00
   24892    17770        1   0.0000E+00   0.0000E+00   0.8849E+00   0.8849E+00
   24893    42838        1   0.0000E+00   0.0000E+00   0.6573E+00   0.6573E+00
   24894    42837        1   0.0000E+00   0.0000E+00   0.6847E+00   0.6847E+00
   24898    42860        1   0.0000E+00   0.0000E+00   0.6263E+00   0.6263E+00
   24899    42952        1   0.0000E+00   0.0000E+00   0.1474E+01   0.1474E+01
   24900    42953        1   0.0000E+00   0.0000E+00   0.1870E+01   0.1870E+01
   24901    32470        1   0.0000E+00   0.0000E+00   0.2302E+01   0.2302E+01
   24902    42956        1   0.0000E+00   0.0000E+00   0.2740E+01   0.2740E+01
   24903    42955        1   0.0000E+00   0.0000E+00   0.1872E+01   0.1872E+01
   24907    43641        1   0.0000E+00   0.0000E+00   0.1225E+01   0.1225E+01
   24908    19996        1   0.0000E+00   0.0000E+00   0.1777E+01   0.1777E+01
   24909    43856        1   0.0000E+00   0.0000E+00   0.1269E-01   0.1269E-01
   24918    44112        1   0.0000E+00   0.0000E+00   0.2945E+01   0.2945E+01
   24919    44113        1   0.0000E+00   0.0000E+00   0.1947E+01   0.1947E+01
   24920    28047        1   0.0000E+00   0.0000E+00   0.2528E+01   0.2528E+01
   24921    44114        1   0.0000E+00   0.0000E+00   0.7119E+00   0.7119E+00
   24925    44260        1   0.0000E+00   0.0000E+00   0.5599E+00   0.5599E+00
   24927    44670        1   0.0000E+00   0.0000E+00   0.1413E+01   0.1413E+01
   24928    44671        1   0.0000E+00   0.0000E+00   0.1264E+01   0.1264E+01
   24929    17765        1   0.0000E+00   0.0000E+00   0.8183E+00   0.8183E+00
   24930    11572        1   0.0000E+00   0.0000E+00   0.1228E+01   0.1228E+01
   24931      202        1   0.0000E+00   0.0000E+00   0.1222E+01   0.1222E+01
   24932    44011        1   0.0000E+00   0.0000E+00   0.1560E+01   0.1560E+01
   24933     8270        1   0.0000E+00   0.0000E+00   0.1407E+01   0.1407E+01
   24940     8717        1   0.0000E+00   0.0000E+00   0.1174E+01   0.1174E+01
   24941    30724        1   0.0000E+00   0.0000E+00   0.1078E+01   0.1078E+01
   24942    19994        1   0.0000E+00   0.0000E+00   0.1777E+01   0.1777E+01
   24943    45112        1   0.0000E+00   0.0000E+00   0.2924E+00   0.2924E+00
   24950     5466        1   0.0000E+00   0.0000E+00   0.8351E-01   0.8351E-01
   24951     5465        1   0.0000E+00   0.0000E+00   0.5863E-01   0.5863E-01
   24952    45469        1   0.0000E+00   0.0000E+00   0.1870E+00   0.1870E+00
   24953    11786        1   0.0000E+00   0.0000E+00   0.3554E+00   0.3554E+00
   24954    45417        1   0.0000E+00   0.0000E+00   0.4133E+00   0.4133E+00
   24955    45405        1   0.0000E+00   0.0000E+00   0.5158E+00   0.5158E+00
   24956     5467        1   0.0000E+00   0.0000E+00   0.1257E+00   0.1257E+00
   24957    45561        1   0.0000E+00   0.0000E+00   0.2491E+00   0.2491E+00
   24958    22696        1   0.0000E+00   0.0000E+00   0.5590E+00   0.5590E+00
   24959    44098        1   0.0000E+00   0.0000E+00   0.6302E+00   0.6302E+00
   24960    45562        1   0.0000E+00   0.0000E+00   0.4668E+00   0.4668E+00
   24961    22691        1   0.0000E+00   0.0000E+00   0.6838E+00   0.6838E+00
   24962    45567        1   0.0000E+00   0.0000E+00   0.3071E+00   0.3071E+00
   24971    45595        1   0.0000E+00   0.0000E+00   0.1180E+00   0.1180E+00
   24972    45423        1   0.0000E+00   0.0000E+00   0.2854E+00   0.2854E+00
   24973    15270        1   0.0000E+00   0.0000E+00   0.1234E+01   0.1234E+01
   24974    45772        1   0.0000E+00   0.0000E+00   0.3261E+01   0.3261E+01
   24975    44778        1   0.0000E+00   0.0000E+00   0.2708E+01   0.2708E+01
   24976    45794        1   0.0000E+00   0.0000E+00   0.8232E+00   0.8232E+00
   24977    45795        1   0.0000E+00   0.0000E+00   0.1154E+01   0.1154E+01
   24978    45902        1   0.0000E+00   0.0000E+00   0.5091E+00   0.5091E+00
   24979    13144        1   0.0000E+00   0.0000E+00   0.1794E+01   0.1794E+01
   24980    45904        1   0.0000E+00   0.0000E+00   0.1824E+01   0.1824E+01
   24982    29234        1   0.0000E+00   0.0000E+00   0.4648E+01   0.4648E+01
   24983    32943        1   0.0000E+00   0.0000E+00   0.9469E+00   0.9469E+00
   24984    37617        1   0.0000E+00   0.0000E+00   0.1452E+01   0.1452E+01
   24985    45187        1   0.0000E+00   0.0000E+00   0.4522E+00   0.4522E+00
   24986    46494        1   0.0000E+00   0.0000E+00   0.4595E+00   0.4595E+00
   24987    46496        1   0.0000E+00   0.0000E+00   0.9559E+00   0.9559E+00
   24988     5208        2   0.0000E+00   0.0000E+00  -0.5668E-03   0.5668E-03
   24989     4978        2   0.0000E+00   0.0000E+00  -0.1051E-03   0.1051E-03
   24990     4979        2   0.0000E+00   0.0000E+00  -0.1446E-03   0.1446E-03
   24991     8214        2   0.0000E+00   0.0000E+00  -0.5750E-03   0.5750E-03
   24992     8228        2   0.0000E+00   0.0000E+00  -0.3846E-03   0.3846E-03
   24993     8227        2   0.0000E+00   0.0000E+00  -0.9126E-03   0.9126E-03
   25000     5245        2   0.0000E+00   0.0000E+00  -0.2504E-02   0.2504E-02
   25001     5021        2   0.0000E+00   0.0000E+00  -0.6592E-03   0.6592E-03
   25002     5246        2   0.0000E+00   0.0000E+00  -0.9980E-03   0.9980E-03
   25003     9392        2   0.0000E+00   0.0000E+00  -0.2220E-02   0.2220E-02
   25004     9394        2   0.0000E+00   0.0000E+00  -0.1780E-02   0.1780E-02
   25005     9393        2   0.0000E+00   0.0000E+00  -0.3657E-02   0.3657E-02
   25053     5062        2   0.0000E+00   0.0000E+00  -0.1788E-02   0.1788E-02
   25055    11028        2   0.0000E+00   0.0000E+00  -0.1974E-02   0.1974E-02
   25107     5357        2   0.0000E+00   0.0000E+00  -0.2023E-02   0.2023E-02
   25109    12114        2   0.0000E+00   0.0000E+00  -0.1306E-02   0.1306E-02
   25110    12094        2   0.0000E+00   0.0000E+00  -0.2487E-03   0.2487E-03
   25128     5397        2   0.0000E+00   0.0000E+00  -0.1806E-01   0.1806E-01
   25129     5240        2   0.0000E+00   0.0000E+00  -0.9278E-01   0.9278E-01
   25130     5398        2   0.0000E+00   0.0000E+00  -0.4980E-01   0.4980E-01
   25131    13032        2   0.0000E+00   0.0000E+00  -0.1062E+00   0.1062E+00
   25132    13033        2   0.0000E+00   0.0000E+00  -0.1334E+00   0.1334E+00
   25133    13031        2   0.0000E+00   0.0000E+00  -0.6003E-01   0.6003E-01
   25134     5360        2   0.0000E+00   0.0000E+00  -0.3055E-01   0.3055E-01
   25135     5396        2   0.0000E+00   0.0000E+00  -0.1824E-01   0.1824E-01
   25136    13053        2   0.0000E+00   0.0000E+00  -0.1811E+00   0.1811E+00
   25137    13055        2   0.0000E+00   0.0000E+00  -0.1071E+00   0.1071E+00
   25138    13054        2   0.0000E+00   0.0000E+00  -0.5089E-01   0.5089E-01
   25145     5316        2   0.0000E+00   0.0000E+00  -0.3271E-02   0.3271E-02
   25146     5238        2   0.0000E+00   0.0000E+00  -0.3777E-02   0.3777E-02
   25147     5435        2   0.0000E+00   0.0000E+00  -0.1709E-01   0.1709E-01
   25148    13325        2   0.0000E+00   0.0000E+00  -0.6904E-02   0.6904E-02
   25149    13327        2   0.0000E+00   0.0000E+00  -0.1239E-01   0.1239E-01
   25150    13326        2   0.0000E+00   0.0000E+00  -0.1223E-01   0.1223E-01
   25157     5152        2   0.0000E+00   0.0000E+00  -0.3944E-02   0.3944E-02
   25158     5025        2   0.0000E+00   0.0000E+00  -0.4541E-03   0.4541E-03
   25159    13622        2   0.0000E+00   0.0000E+00  -0.1428E-02   0.1428E-02
   25160    13624        2   0.0000E+00   0.0000E+00  -0.6040E-03   0.6040E-03
   25161    13623        2   0.0000E+00   0.0000E+00  -0.3325E-02   0.3325E-02
   25207     5242        2   0.0000E+00   0.0000E+00  -0.4032E-02   0.4032E-02
   25208     5017        2   0.0000E+00   0.0000E+00  -0.1826E-02   0.1826E-02
   25209     5018        2   0.0000E+00   0.0000E+00  -0.1384E-02   0.1384E-02
   25210    19348        2   0.0000E+00   0.0000E+00  -0.4667E-02   0.4667E-02
   25211    19350        2   0.0000E+00   0.0000E+00  -0.3020E-02   0.3020E-02
   25212    19349        2   0.0000E+00   0.0000E+00  -0.4547E-02   0.4547E-02
   25213     5102        2   0.0000E+00   0.0000E+00  -0.7113E-02   0.7113E-02
   25214     5077        2   0.0000E+00   0.0000E+00  -0.3584E-02   0.3584E-02
   25215     5078        2   0.0000E+00   0.0000E+00  -0.3890E-02   0.3890E-02
   25216    19555        2   0.0000E+00   0.0000E+00  -0.1007E-01   0.1007E-01
   25217    19570        2   0.0000E+00   0.0000E+00  -0.6270E-02   0.6270E-02
   25218    19569        2   0.0000E+00   0.0000E+00  -0.1101E-01   0.1101E-01
   25220     5162        2   0.0000E+00   0.0000E+00  -0.1500E-01   0.1500E-01
   25221     5432        2   0.0000E+00   0.0000E+00  -0.2069E-02   0.2069E-02
   25222    19961        2   0.0000E+00   0.0000E+00  -0.6327E-02   0.6327E-02
   25223    19954        2   0.0000E+00   0.0000E+00  -0.4544E-02   0.4544E-02
   25224    19962        2   0.0000E+00   0.0000E+00  -0.1279E-02   0.1279E-02
   25225     5314        2   0.0000E+00   0.0000E+00  -0.3062E-03   0.3062E-03
   25226     5211        2   0.0000E+00   0.0000E+00  -0.1834E-03   0.1834E-03
   25227     5442        2   0.0000E+00   0.0000E+00  -0.5076E-03   0.5076E-03
   25228    20135        2   0.0000E+00   0.0000E+00  -0.4208E-03   0.4208E-03
   25229    20132        2   0.0000E+00   0.0000E+00  -0.4631E-03   0.4631E-03
   25230    20136        2   0.0000E+00   0.0000E+00  -0.7706E-03   0.7706E-03
   25231     5420        2   0.0000E+00   0.0000E+00  -0.1867E-02   0.1867E-02
   25232     5356        2   0.0000E+00   0.0000E+00  -0.2569E-02   0.2569E-02
   25233    14502        2   0.0000E+00   0.0000E+00  -0.3826E-03   0.3826E-03
   25234    20138        2   0.0000E+00   0.0000E+00  -0.2173E-02   0.2173E-02
   25235    20140        2   0.0000E+00   0.0000E+00  -0.2347E-02   0.2347E-02
   25261     5372        2   0.0000E+00   0.0000E+00  -0.2902E-03   0.2902E-03
   25262    21700        2   0.0000E+00   0.0000E+00  -0.1092E-01   0.1092E-01
   25263    21702        2   0.0000E+00   0.0000E+00  -0.9551E-03   0.9551E-03
   25264    21701        2   0.0000E+00   0.0000E+00  -0.1679E-01   0.1679E-01
   25298     5319        2   0.0000E+00   0.0000E+00  -0.3453E-01   0.3453E-01
   25301    23128        2   0.0000E+00   0.0000E+00  -0.2526E-01   0.2526E-01
   25303    23129        2   0.0000E+00   0.0000E+00  -0.5180E-01   0.5180E-01
   25314     5320        2   0.0000E+00   0.0000E+00  -0.1506E-01   0.1506E-01
   25354     5061        2   0.0000E+00   0.0000E+00  -0.5110E-02   0.5110E-02
   25355      237        2   0.0000E+00   0.0000E+00  -0.3534E-02   0.3534E-02
   25356     5097        2   0.0000E+00   0.0000E+00  -0.7208E-02   0.7208E-02
   25357    23638        2   0.0000E+00   0.0000E+00  -0.1200E-01   0.1200E-01
   25358    26099        2   0.0000E+00   0.0000E+00  -0.7427E-02   0.7427E-02
   25359    26098        2   0.0000E+00   0.0000E+00  -0.1162E-01   0.1162E-01
   25360    26101        2   0.0000E+00   0.0000E+00  -0.1306E-01   0.1306E-01
   25361    26102        2   0.0000E+00   0.0000E+00  -0.8661E-02   0.8661E-02
   25362     5344        2   0.0000E+00   0.0000E+00  -0.2051E-03   0.2051E-03
   25363    26218        2   0.0000E+00   0.0000E+00  -0.3406E-03   0.3406E-03
   25364    26232        2   0.0000E+00   0.0000E+00  -0.5817E-03   0.5817E-03
   25381     5144        2   0.0000E+00   0.0000E+00  -0.1677E-02   0.1677E-02
   25382     5010        2   0.0000E+00   0.0000E+00  -0.1731E-03   0.1731E-03
   25383     5011        2   0.0000E+00   0.0000E+00  -0.6345E-03   0.6345E-03
   25384    26980        2   0.0000E+00   0.0000E+00  -0.2050E-02   0.2050E-02
   25385    26982        2   0.0000E+00   0.0000E+00  -0.1368E-02   0.1368E-02
   25386    26981        2   0.0000E+00   0.0000E+00  -0.3416E-02   0.3416E-02
   25387     5312        2   0.0000E+00   0.0000E+00  -0.5266E-03   0.5266E-03
   25388     4980        2   0.0000E+00   0.0000E+00  -0.1249E-03   0.1249E-03
   25389    15845        2   0.0000E+00   0.0000E+00  -0.6205E-03   0.6205E-03
   25390    27031        2   0.0000E+00   0.0000E+00  -0.3815E-03   0.3815E-03
   25391    27030        2   0.0000E+00   0.0000E+00  -0.6083E-03   0.6083E-03
   25414     8230        2   0.0000E+00   0.0000E+00  -0.5768E-03   0.5768E-03
   25415    27441        2   0.0000E+00   0.0000E+00  -0.2812E-03   0.2812E-03
   25416     5241        2   0.0000E+00   0.0000E+00  -0.3430E-02   0.3430E-02
   25417     5016        2   0.0000E+00   0.0000E+00  -0.1702E-02   0.1702E-02
   25418    27711        2   0.0000E+00   0.0000E+00  -0.5367E-02   0.5367E-02
   25419    27713        2   0.0000E+00   0.0000E+00  -0.3216E-02   0.3216E-02
   25420    27712        2   0.0000E+00   0.0000E+00  -0.5196E-02   0.5196E-02
   25424     5405        2   0.0000E+00   0.0000E+00  -0.2850E-03   0.2850E-03
   25429    28091        2   0.0000E+00   0.0000E+00  -0.8934E-04   0.8934E-04
   25430     5429        2   0.0000E+00   0.0000E+00  -0.1632E-01   0.1632E-01
   25431    28230        2   0.0000E+00   0.0000E+00  -0.1457E-01   0.1457E-01
   25432    28232        2   0.0000E+00   0.0000E+00  -0.9494E-02   0.9494E-02
   25433    28231        2   0.0000E+00   0.0000E+00  -0.1923E-01   0.1923E-01
   25441     5213        2   0.0000E+00   0.0000E+00  -0.5083E-04   0.5083E-04
   25442     4984        2   0.0000E+00   0.0000E+00  -0.1754E-04   0.1754E-04
   25443     5160        2   0.0000E+00   0.0000E+00  -0.2856E-04   0.2856E-04
   25444    28737        2   0.0000E+00   0.0000E+00  -0.5465E-04   0.5465E-04
   25445    28739        2   0.0000E+00   0.0000E+00  -0.1143E-04   0.1143E-04
   25446    28738        2   0.0000E+00   0.0000E+00  -0.5853E-04   0.5853E-04
   25452     5443        2   0.0000E+00   0.0000E+00  -0.2214E-03   0.2214E-03
   25453    22540        2   0.0000E+00   0.0000E+00  -0.1400E-03   0.1400E-03
   25454    28767        2   0.0000E+00   0.0000E+00  -0.1655E-03   0.1655E-03
   25455     5210        2   0.0000E+00   0.0000E+00  -0.4942E-02   0.4942E-02
   25456    28823        2   0.0000E+00   0.0000E+00  -0.5317E-02   0.5317E-02
   25457    28825        2   0.0000E+00   0.0000E+00  -0.3963E-02   0.3963E-02
   25458    28824        2   0.0000E+00   0.0000E+00  -0.7696E-02   0.7696E-02
   25479     5243        2   0.0000E+00   0.0000E+00  -0.4428E-02   0.4428E-02
   25480    27938        2   0.0000E+00   0.0000E+00  -0.1353E-01   0.1353E-01
   25481    30207        2   0.0000E+00   0.0000E+00  -0.1840E-01   0.1840E-01
   25482    13049        2   0.0000E+00   0.0000E+00  -0.3582E-01   0.3582E-01
   25483     5019        2   0.0000E+00   0.0000E+00  -0.1540E-02   0.1540E-02
   25484     5244        2   0.0000E+00   0.0000E+00  -0.3929E-02   0.3929E-02
   25485    30219        2   0.0000E+00   0.0000E+00  -0.3995E-02   0.3995E-02
   25486    18233        2   0.0000E+00   0.0000E+00  -0.5675E-02   0.5675E-02
   25487    30220        2   0.0000E+00   0.0000E+00  -0.6037E-02   0.6037E-02
   25488     5362        2   0.0000E+00   0.0000E+00  -0.1966E-01   0.1966E-01
   25489     5167        2   0.0000E+00   0.0000E+00  -0.5258E-02   0.5258E-02
   25490    30223        2   0.0000E+00   0.0000E+00  -0.1840E-01   0.1840E-01
   25491    27785        2   0.0000E+00   0.0000E+00  -0.1521E-01   0.1521E-01
   25492    30224        2   0.0000E+00   0.0000E+00  -0.3327E-01   0.3327E-01
   25493     5348        2   0.0000E+00   0.0000E+00  -0.5007E-02   0.5007E-02
   25494     5349        2   0.0000E+00   0.0000E+00  -0.4666E-02   0.4666E-02
   25495    30230        2   0.0000E+00   0.0000E+00  -0.1536E-01   0.1536E-01
   25496    30231        2   0.0000E+00   0.0000E+00  -0.8539E-02   0.8539E-02
   25497    27820        2   0.0000E+00   0.0000E+00  -0.1376E-01   0.1376E-01
   25498     5310        2   0.0000E+00   0.0000E+00  -0.4883E-02   0.4883E-02
   25499     5311        2   0.0000E+00   0.0000E+00  -0.2944E-02   0.2944E-02
   25500    30260        2   0.0000E+00   0.0000E+00  -0.5778E-02   0.5778E-02
   25501    30259        2   0.0000E+00   0.0000E+00  -0.1164E-01   0.1164E-01
   25502    30255        2   0.0000E+00   0.0000E+00  -0.7536E-02   0.7536E-02
   25503     5191        2   0.0000E+00   0.0000E+00  -0.1666E+00   0.1666E+00
   25504      548        2   0.0000E+00   0.0000E+00  -0.4775E+00   0.4775E+00
   25505      547        2   0.0000E+00   0.0000E+00  -0.5962E+00   0.5962E+00
   25506    30333        2   0.0000E+00   0.0000E+00  -0.5420E+00   0.5420E+00
   25507    30330        2   0.0000E+00   0.0000E+00  -0.1208E+01   0.1208E+01
   25508    30331        2   0.0000E+00   0.0000E+00  -0.5397E+00   0.5397E+00
   25517    30582        2   0.0000E+00   0.0000E+00  -0.1115E-01   0.1115E-01
   25536     5014        2   0.0000E+00   0.0000E+00  -0.1791E-02   0.1791E-02
   25537    30851        2   0.0000E+00   0.0000E+00  -0.5513E-02   0.5513E-02
   25538    30852        2   0.0000E+00   0.0000E+00  -0.5302E-02   0.5302E-02
   25541    31013        2   0.0000E+00   0.0000E+00  -0.9613E-02   0.9613E-02
   25542    31015        2   0.0000E+00   0.0000E+00  -0.5777E-02   0.5777E-02
   25547     5166        2   0.0000E+00   0.0000E+00  -0.6063E-01   0.6063E-01
   25548     5142        2   0.0000E+00   0.0000E+00  -0.3104E-01   0.3104E-01
   25549     5143        2   0.0000E+00   0.0000E+00  -0.1225E-01   0.1225E-01
   25550    31075        2   0.0000E+00   0.0000E+00  -0.4640E-01   0.4640E-01
   25551    31077        2   0.0000E+00   0.0000E+00  -0.2347E-01   0.2347E-01
   25552    31076        2   0.0000E+00   0.0000E+00  -0.3609E-01   0.3609E-01
   25553     5237        2   0.0000E+00   0.0000E+00  -0.8851E-01   0.8851E-01
   25554      244        2   0.0000E+00   0.0000E+00  -0.1707E-01   0.1707E-01
   25555    31081        2   0.0000E+00   0.0000E+00  -0.4517E-01   0.4517E-01
   25556    31083        2   0.0000E+00   0.0000E+00  -0.2831E-01   0.2831E-01
   25557    31082        2   0.0000E+00   0.0000E+00  -0.7463E-01   0.7463E-01
   25576     5015        2   0.0000E+00   0.0000E+00  -0.1889E-02   0.1889E-02
   25577    31524        2   0.0000E+00   0.0000E+00  -0.4940E-02   0.4940E-02
   25578    31526        2   0.0000E+00   0.0000E+00  -0.3216E-02   0.3216E-02
   25579    31525        2   0.0000E+00   0.0000E+00  -0.4783E-02   0.4783E-02
   25587    31823        2   0.0000E+00   0.0000E+00  -0.6968E-02   0.6968E-02
   25588     5013        2   0.0000E+00   0.0000E+00  -0.1397E-02   0.1397E-02
   25589     8542        2   0.0000E+00   0.0000E+00  -0.6066E-02   0.6066E-02
   25590    31890        2   0.0000E+00   0.0000E+00  -0.3399E-02   0.3399E-02
   25610    32389        2   0.0000E+00   0.0000E+00  -0.1814E+00   0.1814E+00
   25611      240        2   0.0000E+00   0.0000E+00  -0.7211E-03   0.7211E-03
   25612     5333        2   0.0000E+00   0.0000E+00  -0.4238E-03   0.4238E-03
   25613    32390        2   0.0000E+00   0.0000E+00  -0.3365E-02   0.3365E-02
   25614    32392        2   0.0000E+00   0.0000E+00  -0.1651E-02   0.1651E-02
   25615    32391        2   0.0000E+00   0.0000E+00  -0.3318E-02   0.3318E-02
   25616     5020        2   0.0000E+00   0.0000E+00  -0.1182E-02   0.1182E-02
   25617    32436        2   0.0000E+00   0.0000E+00  -0.2324E-02   0.2324E-02
   25618    32435        2   0.0000E+00   0.0000E+00  -0.3479E-02   0.3479E-02
   25635     5137        2   0.0000E+00   0.0000E+00  -0.1506E-03   0.1506E-03
   25636     4977        2   0.0000E+00   0.0000E+00  -0.6301E-04   0.6301E-04
   25637    32582        2   0.0000E+00   0.0000E+00  -0.2764E-03   0.2764E-03
   25638    32584        2   0.0000E+00   0.0000E+00  -0.2770E-03   0.2770E-03
   25639    32583        2   0.0000E+00   0.0000E+00  -0.4530E-03   0.4530E-03
   25658     9359        2   0.0000E+00   0.0000E+00  -0.3927E-02   0.3927E-02
   25659    33094        2   0.0000E+00   0.0000E+00  -0.4770E-02   0.4770E-02
   25702     5170        2   0.0000E+00   0.0000E+00  -0.4658E+00   0.4658E+00
   25703     5149        2   0.0000E+00   0.0000E+00  -0.7983E-01   0.7983E-01
   25704     5169        2   0.0000E+00   0.0000E+00  -0.1902E+00   0.1902E+00
   25705    30643        2   0.0000E+00   0.0000E+00  -0.5394E+00   0.5394E+00
   25706    33080        2   0.0000E+00   0.0000E+00  -0.3022E+00   0.3022E+00
   25707    33404        2   0.0000E+00   0.0000E+00  -0.6578E+00   0.6578E+00
   25708      248        2   0.0000E+00   0.0000E+00  -0.7160E-03   0.7160E-03
   25709     5076        2   0.0000E+00   0.0000E+00  -0.2333E-02   0.2333E-02
   25710    33943        2   0.0000E+00   0.0000E+00  -0.6007E-02   0.6007E-02
   25711    33944        2   0.0000E+00   0.0000E+00  -0.3832E-02   0.3832E-02
   25712    33940        2   0.0000E+00   0.0000E+00  -0.3927E-02   0.3927E-02
   25713    33968        2   0.0000E+00   0.0000E+00  -0.3277E-02   0.3277E-02
   25714    31831        2   0.0000E+00   0.0000E+00  -0.6789E-02   0.6789E-02
   25732      584        2   0.0000E+00   0.0000E+00  -0.4034E-01   0.4034E-01
   25733     5183        2   0.0000E+00   0.0000E+00  -0.1177E-01   0.1177E-01
   25734    34125        2   0.0000E+00   0.0000E+00  -0.3733E-01   0.3733E-01
   25735    34135        2   0.0000E+00   0.0000E+00  -0.2235E-01   0.2235E-01
   25736    34136        2   0.0000E+00   0.0000E+00  -0.2289E-01   0.2289E-01
   25737      239        2   0.0000E+00   0.0000E+00  -0.1366E-02   0.1366E-02
   25738     5098        2   0.0000E+00   0.0000E+00  -0.2206E-02   0.2206E-02
   25739    34142        2   0.0000E+00   0.0000E+00  -0.3264E-02   0.3264E-02
   25740    34144        2   0.0000E+00   0.0000E+00  -0.2634E-02   0.2634E-02
   25741    34143        2   0.0000E+00   0.0000E+00  -0.6817E-02   0.6817E-02
   25753      539        2   0.0000E+00   0.0000E+00  -0.2177E+00   0.2177E+00
   25754      538        2   0.0000E+00   0.0000E+00  -0.1832E+00   0.1832E+00
   25755    34280        2   0.0000E+00   0.0000E+00  -0.9097E-01   0.9097E-01
   25756    34277        2   0.0000E+00   0.0000E+00  -0.2613E+00   0.2613E+00
   25757    34278        2   0.0000E+00   0.0000E+00  -0.8658E-01   0.8658E-01
   25790     5148        2   0.0000E+00   0.0000E+00  -0.8383E-01   0.8383E-01
   25791    33902        2   0.0000E+00   0.0000E+00  -0.4940E+00   0.4940E+00
   25792    35054        2   0.0000E+00   0.0000E+00  -0.1500E+00   0.1500E+00
   25793     5248        2   0.0000E+00   0.0000E+00  -0.3601E+00   0.3601E+00
   25794     5147        2   0.0000E+00   0.0000E+00  -0.2661E-01   0.2661E-01
   25795    35065        2   0.0000E+00   0.0000E+00  -0.1365E+00   0.1365E+00
   25796    35066        2   0.0000E+00   0.0000E+00  -0.8901E-01   0.8901E-01
   25797    30382        2   0.0000E+00   0.0000E+00  -0.4230E+00   0.4230E+00
   25824     5201        2   0.0000E+00   0.0000E+00  -0.1454E-01   0.1454E-01
   25825    35272        2   0.0000E+00   0.0000E+00  -0.1445E-02   0.1445E-02
   25826    35270        2   0.0000E+00   0.0000E+00  -0.5100E-02   0.5100E-02
   25832     5159        2   0.0000E+00   0.0000E+00  -0.9241E-02   0.9241E-02
   25854      532        2   0.0000E+00   0.0000E+00  -0.4666E-01   0.4666E-01
   25855    35365        2   0.0000E+00   0.0000E+00  -0.3535E-02   0.3535E-02
   25856    35363        2   0.0000E+00   0.0000E+00  -0.6721E-02   0.6721E-02
   25865     5431        2   0.0000E+00   0.0000E+00  -0.2327E-02   0.2327E-02
   25866     5163        2   0.0000E+00   0.0000E+00  -0.1534E-01   0.1534E-01
   25867    35511        2   0.0000E+00   0.0000E+00  -0.1110E-01   0.1110E-01
   25868    35510        2   0.0000E+00   0.0000E+00  -0.2297E-02   0.2297E-02
   25886      540        2   0.0000E+00   0.0000E+00  -0.3285E+00   0.3285E+00
   25887    35746        2   0.0000E+00   0.0000E+00  -0.1425E+00   0.1425E+00
   25888    35743        2   0.0000E+00   0.0000E+00  -0.1114E+00   0.1114E+00
   25889    35747        2   0.0000E+00   0.0000E+00  -0.1981E-01   0.1981E-01
   25890     5186        2   0.0000E+00   0.0000E+00  -0.1055E-01   0.1055E-01
   25891      536        2   0.0000E+00   0.0000E+00  -0.2020E+00   0.2020E+00
   25892      535        2   0.0000E+00   0.0000E+00  -0.7700E-01   0.7700E-01
   25893    35761        2   0.0000E+00   0.0000E+00  -0.6724E-01   0.6724E-01
   25894    35764        2   0.0000E+00   0.0000E+00  -0.1855E+00   0.1855E+00
   25895    35765        2   0.0000E+00   0.0000E+00  -0.5564E-01   0.5564E-01
   25901     5228        2   0.0000E+00   0.0000E+00  -0.2881E-01   0.2881E-01
   25902    36041        2   0.0000E+00   0.0000E+00  -0.1160E-01   0.1160E-01
   25903    36040        2   0.0000E+00   0.0000E+00  -0.2653E-01   0.2653E-01
   25923    36405        2   0.0000E+00   0.0000E+00  -0.7152E-02   0.7152E-02
   25949     5199        2   0.0000E+00   0.0000E+00  -0.1492E+00   0.1492E+00
   25950      246        2   0.0000E+00   0.0000E+00  -0.7685E-03   0.7685E-03
   25951    37386        2   0.0000E+00   0.0000E+00  -0.2358E-01   0.2358E-01
   25952    37390        2   0.0000E+00   0.0000E+00  -0.1402E-01   0.1402E-01
   25953    35292        2   0.0000E+00   0.0000E+00  -0.1960E+00   0.1960E+00
   25954    37429        2   0.0000E+00   0.0000E+00  -0.1343E-01   0.1343E-01
   25959     5303        2   0.0000E+00   0.0000E+00  -0.2540E-03   0.2540E-03
   25960     5119        2   0.0000E+00   0.0000E+00  -0.1059E-03   0.1059E-03
   25962    37453        2   0.0000E+00   0.0000E+00  -0.2474E-03   0.2474E-03
   25963    37454        2   0.0000E+00   0.0000E+00  -0.1152E-03   0.1152E-03
   25964    31577        2   0.0000E+00   0.0000E+00  -0.1805E-03   0.1805E-03
   25984      534        2   0.0000E+00   0.0000E+00  -0.6369E-01   0.6369E-01
   25985      533        2   0.0000E+00   0.0000E+00  -0.4623E-01   0.4623E-01
   25986    37667        2   0.0000E+00   0.0000E+00  -0.1692E-01   0.1692E-01
   25987    30490        2   0.0000E+00   0.0000E+00  -0.4020E-01   0.4020E-01
   25993    37696        2   0.0000E+00   0.0000E+00  -0.3269E-02   0.3269E-02
   26005     5408        2   0.0000E+00   0.0000E+00  -0.9756E-04   0.9756E-04
   26021    37768        2   0.0000E+00   0.0000E+00  -0.1797E-03   0.1797E-03
   26028     5131        2   0.0000E+00   0.0000E+00  -0.9269E-03   0.9269E-03
   26029     5117        2   0.0000E+00   0.0000E+00  -0.3052E-03   0.3052E-03
   26030     5130        2   0.0000E+00   0.0000E+00  -0.1096E-03   0.1096E-03
   26031    38160        2   0.0000E+00   0.0000E+00  -0.2183E-02   0.2183E-02
   26032    38162        2   0.0000E+00   0.0000E+00  -0.1272E-02   0.1272E-02
   26033    38161        2   0.0000E+00   0.0000E+00  -0.1066E-02   0.1066E-02
   26034     4983        2   0.0000E+00   0.0000E+00  -0.3558E-04   0.3558E-04
   26035    38267        2   0.0000E+00   0.0000E+00  -0.7502E-04   0.7502E-04
   26036    38268        2   0.0000E+00   0.0000E+00  -0.4626E-04   0.4626E-04
   26044     5313        2   0.0000E+00   0.0000E+00  -0.5042E-02   0.5042E-02
   26045     5099        2   0.0000E+00   0.0000E+00  -0.7672E-03   0.7672E-03
   26046    38782        2   0.0000E+00   0.0000E+00  -0.9926E-02   0.9926E-02
   26047    38781        2   0.0000E+00   0.0000E+00  -0.6191E-02   0.6191E-02
   26048    38780        2   0.0000E+00   0.0000E+00  -0.4026E-02   0.4026E-02
   26049      242        2   0.0000E+00   0.0000E+00  -0.3278E-02   0.3278E-02
   26050     5136        2   0.0000E+00   0.0000E+00  -0.9883E-03   0.9883E-03
   26051    35381        2   0.0000E+00   0.0000E+00  -0.8074E-02   0.8074E-02
   26052    38790        2   0.0000E+00   0.0000E+00  -0.2469E-02   0.2469E-02
   26053    28829        2   0.0000E+00   0.0000E+00  -0.4504E-02   0.4504E-02
   26064    39058        2   0.0000E+00   0.0000E+00  -0.2242E-02   0.2242E-02
   26067     5365        2   0.0000E+00   0.0000E+00  -0.8191E-03   0.8191E-03
   26068    30254        2   0.0000E+00   0.0000E+00  -0.2054E-02   0.2054E-02
   26069    39070        2   0.0000E+00   0.0000E+00  -0.2107E-03   0.2107E-03
   26070      585        2   0.0000E+00   0.0000E+00  -0.6370E-01   0.6370E-01
   26071    39077        2   0.0000E+00   0.0000E+00  -0.8405E-02   0.8405E-02
   26072    39075        2   0.0000E+00   0.0000E+00  -0.1370E-01   0.1370E-01
   26073    39076        2   0.0000E+00   0.0000E+00  -0.3508E-01   0.3508E-01
   26090    39310        2   0.0000E+00   0.0000E+00  -0.1191E-01   0.1191E-01
   26091    39311        2   0.0000E+00   0.0000E+00  -0.7248E-02   0.7248E-02
   26092      542        2   0.0000E+00   0.0000E+00  -0.3935E+00   0.3935E+00
   26093      541        2   0.0000E+00   0.0000E+00  -0.3547E+00   0.3547E+00
   26094    39324        2   0.0000E+00   0.0000E+00  -0.1872E+00   0.1872E+00
   26095    34731        2   0.0000E+00   0.0000E+00  -0.4186E+00   0.4186E+00
   26096    39322        2   0.0000E+00   0.0000E+00  -0.1536E+00   0.1536E+00
   26099    33077        2   0.0000E+00   0.0000E+00  -0.1405E+00   0.1405E+00
   26116    39959        2   0.0000E+00   0.0000E+00  -0.2084E+00   0.2084E+00
   26117    39966        2   0.0000E+00   0.0000E+00  -0.9721E-02   0.9721E-02
   26118    39967        2   0.0000E+00   0.0000E+00  -0.5540E-01   0.5540E-01
   26121    27641        2   0.0000E+00   0.0000E+00  -0.1346E-02   0.1346E-02
   26122    38867        2   0.0000E+00   0.0000E+00  -0.1897E-02   0.1897E-02
   26143     5150        2   0.0000E+00   0.0000E+00  -0.3587E-01   0.3587E-01
   26144    40007        2   0.0000E+00   0.0000E+00  -0.1845E+00   0.1845E+00
   26145    39095        2   0.0000E+00   0.0000E+00  -0.7315E-01   0.7315E-01
   26193     5239        2   0.0000E+00   0.0000E+00  -0.9070E-01   0.9070E-01
   26194    40776        2   0.0000E+00   0.0000E+00  -0.5441E+00   0.5441E+00
   26195    40777        2   0.0000E+00   0.0000E+00  -0.2856E+00   0.2856E+00
   26197    40853        2   0.0000E+00   0.0000E+00  -0.1920E-01   0.1920E-01
   26198     9540        2   0.0000E+00   0.0000E+00  -0.3455E-01   0.3455E-01
   26221    41401        2   0.0000E+00   0.0000E+00  -0.2543E+00   0.2543E+00
   26222     5151        2   0.0000E+00   0.0000E+00  -0.1686E-01   0.1686E-01
   26223    41434        2   0.0000E+00   0.0000E+00  -0.3554E-01   0.3554E-01
   26224    41433        2   0.0000E+00   0.0000E+00  -0.4142E-01   0.4142E-01
   26225    41435        2   0.0000E+00   0.0000E+00  -0.1700E-01   0.1700E-01
   26226    41436        2   0.0000E+00   0.0000E+00  -0.1925E-01   0.1925E-01
   26227    41437        2   0.0000E+00   0.0000E+00  -0.7588E-01   0.7588E-01
   26228    23136        2   0.0000E+00   0.0000E+00  -0.1472E+00   0.1472E+00
   26229    32422        2   0.0000E+00   0.0000E+00  -0.9862E-02   0.9862E-02
   26242      552        2   0.0000E+00   0.0000E+00  -0.1614E+00   0.1614E+00
   26243    41457        2   0.0000E+00   0.0000E+00  -0.3951E+00   0.3951E+00
   26244    41456        2   0.0000E+00   0.0000E+00  -0.2487E+00   0.2487E+00
   26245     5012        2   0.0000E+00   0.0000E+00  -0.1075E-02   0.1075E-02
   26246    41459        2   0.0000E+00   0.0000E+00  -0.4168E-02   0.4168E-02
   26247    41460        2   0.0000E+00   0.0000E+00  -0.5768E-02   0.5768E-02
   26248    41464        2   0.0000E+00   0.0000E+00  -0.2777E-02   0.2777E-02
   26249    33967        2   0.0000E+00   0.0000E+00  -0.6625E-02   0.6625E-02
   26250    27953        2   0.0000E+00   0.0000E+00  -0.6241E-02   0.6241E-02
   26251    41472        2   0.0000E+00   0.0000E+00  -0.2736E-02   0.2736E-02
   26268     5409        2   0.0000E+00   0.0000E+00  -0.1400E-03   0.1400E-03
   26269    41511        2   0.0000E+00   0.0000E+00  -0.3218E-03   0.3218E-03
   26270    24851        2   0.0000E+00   0.0000E+00  -0.1030E-02   0.1030E-02
   26273    41528        2   0.0000E+00   0.0000E+00  -0.1438E-01   0.1438E-01
   26279    40843        2   0.0000E+00   0.0000E+00  -0.7046E-02   0.7046E-02
   26281    41560        2   0.0000E+00   0.0000E+00  -0.7304E+00   0.7304E+00
   26282    30395        2   0.0000E+00   0.0000E+00  -0.5976E+00   0.5976E+00
   26292     5168        2   0.0000E+00   0.0000E+00  -0.1301E+00   0.1301E+00
   26293    41650        2   0.0000E+00   0.0000E+00  -0.1977E+00   0.1977E+00
   26294    41651        2   0.0000E+00   0.0000E+00  -0.6444E-01   0.6444E-01
   26352     5212        2   0.0000E+00   0.0000E+00  -0.1054E-03   0.1054E-03
   26353    41749        2   0.0000E+00   0.0000E+00  -0.2569E-03   0.2569E-03
   26354    41748        2   0.0000E+00   0.0000E+00  -0.3835E-03   0.3835E-03
   26366     5332        2   0.0000E+00   0.0000E+00  -0.2105E-03   0.2105E-03
   26367     5118        2   0.0000E+00   0.0000E+00  -0.1707E-03   0.1707E-03
   26368    41783        2   0.0000E+00   0.0000E+00  -0.3779E-03   0.3779E-03
   26369    41785        2   0.0000E+00   0.0000E+00  -0.2597E-03   0.2597E-03
   26370    41784        2   0.0000E+00   0.0000E+00  -0.3070E-03   0.3070E-03
   26375    35378        2   0.0000E+00   0.0000E+00  -0.2286E-01   0.2286E-01
   26376    41805        2   0.0000E+00   0.0000E+00  -0.3686E-01   0.3686E-01
   26377    41806        2   0.0000E+00   0.0000E+00  -0.1508E-01   0.1508E-01
   26378    35751        2   0.0000E+00   0.0000E+00  -0.1553E-01   0.1553E-01
   26388     5231        2   0.0000E+00   0.0000E+00  -0.1601E-01   0.1601E-01
   26389    41860        2   0.0000E+00   0.0000E+00  -0.2096E-02   0.2096E-02
   26390    31654        2   0.0000E+00   0.0000E+00  -0.2956E-01   0.2956E-01
   26392      543        2   0.0000E+00   0.0000E+00  -0.4572E+00   0.4572E+00
   26393    41871        2   0.0000E+00   0.0000E+00  -0.2408E+00   0.2408E+00
   26394    31385        2   0.0000E+00   0.0000E+00  -0.1885E+00   0.1885E+00
   26404     5419        2   0.0000E+00   0.0000E+00  -0.6627E-01   0.6627E-01
   26405     9551        2   0.0000E+00   0.0000E+00  -0.1121E+00   0.1121E+00
   26406     9549        2   0.0000E+00   0.0000E+00  -0.6375E-01   0.6375E-01
   26407    41898        2   0.0000E+00   0.0000E+00  -0.7970E-01   0.7970E-01
   26411    31559        2   0.0000E+00   0.0000E+00  -0.3480E-01   0.3480E-01
   26414    42174        2   0.0000E+00   0.0000E+00  -0.5672E-02   0.5672E-02
   26415    42175        2   0.0000E+00   0.0000E+00  -0.4285E-02   0.4285E-02
   26416    42188        2   0.0000E+00   0.0000E+00  -0.2490E-01   0.2490E-01
   26417    42187        2   0.0000E+00   0.0000E+00  -0.4686E-01   0.4686E-01
   26419      544        2   0.0000E+00   0.0000E+00  -0.3187E+00   0.3187E+00
   26421    42568        2   0.0000E+00   0.0000E+00  -0.9979E-01   0.9979E-01
   26422    42569        2   0.0000E+00   0.0000E+00  -0.2453E+00   0.2453E+00
   26423    42738        2   0.0000E+00   0.0000E+00  -0.1430E+00   0.1430E+00
   26424    42739        2   0.0000E+00   0.0000E+00  -0.1829E+00   0.1829E+00
   26425    42741        2   0.0000E+00   0.0000E+00  -0.1801E+00   0.1801E+00
   26427    42750        2   0.0000E+00   0.0000E+00  -0.6596E-02   0.6596E-02
   26430     5132        2   0.0000E+00   0.0000E+00  -0.3463E-02   0.3463E-02
   26433     5115        2   0.0000E+00   0.0000E+00  -0.1920E-02   0.1920E-02
   26434    42770        2   0.0000E+00   0.0000E+00  -0.6285E-02   0.6285E-02
   26435    42772        2   0.0000E+00   0.0000E+00  -0.4250E-02   0.4250E-02
   26436    40193        2   0.0000E+00   0.0000E+00  -0.8400E-02   0.8400E-02
   26437     5116        2   0.0000E+00   0.0000E+00  -0.5883E-03   0.5883E-03
   26438    30987        2   0.0000E+00   0.0000E+00  -0.5103E-02   0.5103E-02
   26439    42774        2   0.0000E+00   0.0000E+00  -0.1944E-02   0.1944E-02
   26440    30983        2   0.0000E+00   0.0000E+00  -0.1993E-02   0.1993E-02
   26442    42778        2   0.0000E+00   0.0000E+00  -0.7618E-04   0.7618E-04
   26443    42779        2   0.0000E+00   0.0000E+00  -0.6759E-04   0.6759E-04
   26449     5029        2   0.0000E+00   0.0000E+00  -0.7561E-03   0.7561E-03
   26452     5028        2   0.0000E+00   0.0000E+00  -0.1259E-01   0.1259E-01
   26453    42832        2   0.0000E+00   0.0000E+00  -0.3065E-01   0.3065E-01
   26454    42833        2   0.0000E+00   0.0000E+00  -0.1843E-01   0.1843E-01
   26455    41521        2   0.0000E+00   0.0000E+00  -0.2429E-01   0.2429E-01
   26457    39972        2   0.0000E+00   0.0000E+00  -0.6695E-01   0.6695E-01
   26488    43003        2   0.0000E+00   0.0000E+00  -0.1271E-03   0.1271E-03
   26498    28754        2   0.0000E+00   0.0000E+00  -0.2692E-03   0.2692E-03
   26499    43013        2   0.0000E+00   0.0000E+00  -0.3548E-02   0.3548E-02
   26500    24855        2   0.0000E+00   0.0000E+00  -0.2797E-02   0.2797E-02
   26501     5209        2   0.0000E+00   0.0000E+00  -0.2349E-01   0.2349E-01
   26503    43015        2   0.0000E+00   0.0000E+00  -0.2024E-01   0.2024E-01
   26504    43017        2   0.0000E+00   0.0000E+00  -0.1142E-01   0.1142E-01
   26508    43027        2   0.0000E+00   0.0000E+00  -0.7830E-03   0.7830E-03
   26509    43028        2   0.0000E+00   0.0000E+00  -0.3505E-02   0.3505E-02
   26513    43036        2   0.0000E+00   0.0000E+00  -0.2547E-01   0.2547E-01
   26514    41809        2   0.0000E+00   0.0000E+00  -0.8825E-02   0.8825E-02
   26515      537        2   0.0000E+00   0.0000E+00  -0.9773E-01   0.9773E-01
   26517    43041        2   0.0000E+00   0.0000E+00  -0.1960E+00   0.1960E+00
   26519    43043        2   0.0000E+00   0.0000E+00  -0.1412E-02   0.1412E-02
   26520    43055        2   0.0000E+00   0.0000E+00  -0.8731E-02   0.8731E-02
   26521    43054        2   0.0000E+00   0.0000E+00  -0.1190E-01   0.1190E-01
   26532      549        2   0.0000E+00   0.0000E+00  -0.3388E+00   0.3388E+00
   26533    43089        2   0.0000E+00   0.0000E+00  -0.6412E+00   0.6412E+00
   26534    30349        2   0.0000E+00   0.0000E+00  -0.2976E-01   0.2976E-01
   26537    43098        2   0.0000E+00   0.0000E+00  -0.1006E+00   0.1006E+00
   26538    43122        2   0.0000E+00   0.0000E+00  -0.1095E-01   0.1095E-01
   26539    43120        2   0.0000E+00   0.0000E+00  -0.2343E-01   0.2343E-01
   26542    29329        2   0.0000E+00   0.0000E+00  -0.7240E-03   0.7240E-03
   26550    43265        2   0.0000E+00   0.0000E+00  -0.1656E-02   0.1656E-02
   26551    41811        2   0.0000E+00   0.0000E+00  -0.4461E-01   0.4461E-01
   26556    43314        2   0.0000E+00   0.0000E+00  -0.5118E-03   0.5118E-03
   26557     9415        2   0.0000E+00   0.0000E+00  -0.2789E-03   0.2789E-03
   26558    43315        2   0.0000E+00   0.0000E+00  -0.5164E-03   0.5164E-03
   26559    35327        2   0.0000E+00   0.0000E+00  -0.1042E-01   0.1042E-01
   26560    43320        2   0.0000E+00   0.0000E+00  -0.1288E-01   0.1288E-01
   26563    21264        2   0.0000E+00   0.0000E+00  -0.3509E-02   0.3509E-02
   26564    43346        2   0.0000E+00   0.0000E+00  -0.1680E-02   0.1680E-02
   26565    43351        2   0.0000E+00   0.0000E+00  -0.5819E-03   0.5819E-03
   26566    43356        2   0.0000E+00   0.0000E+00  -0.7548E-03   0.7548E-03
   26567    25713        2   0.0000E+00   0.0000E+00  -0.7696E-03   0.7696E-03
   26570    30152        2   0.0000E+00   0.0000E+00  -0.4412E-02   0.4412E-02
   26571     5026        2   0.0000E+00   0.0000E+00  -0.1547E-02   0.1547E-02
   26572     5027        2   0.0000E+00   0.0000E+00  -0.5941E-02   0.5941E-02
   26573    43385        2   0.0000E+00   0.0000E+00  -0.5233E-02   0.5233E-02
   26574    43387        2   0.0000E+00   0.0000E+00  -0.5883E-02   0.5883E-02
   26575    43386        2   0.0000E+00   0.0000E+00  -0.1103E-01   0.1103E-01
   26577    38864        2   0.0000E+00   0.0000E+00  -0.5788E-01   0.5788E-01
   26578    43096        2   0.0000E+00   0.0000E+00  -0.1399E+00   0.1399E+00
   26579    43666        2   0.0000E+00   0.0000E+00  -0.8822E-01   0.8822E-01
   26580    43681        2   0.0000E+00   0.0000E+00  -0.3169E+00   0.3169E+00
   26581    43747        2   0.0000E+00   0.0000E+00  -0.3717E-01   0.3717E-01
   26589    43931        2   0.0000E+00   0.0000E+00  -0.2938E-02   0.2938E-02
   26594    41474        2   0.0000E+00   0.0000E+00  -0.8719E-02   0.8719E-02
   26610    43988        2   0.0000E+00   0.0000E+00  -0.2467E-01   0.2467E-01
   26611    43990        2   0.0000E+00   0.0000E+00  -0.1947E-01   0.1947E-01
   26612    43989        2   0.0000E+00   0.0000E+00  -0.3536E-01   0.3536E-01
   26613      105        2   0.0000E+00   0.0000E+00  -0.6887E-01   0.6887E-01
   26614    44034        2   0.0000E+00   0.0000E+00  -0.1645E-01   0.1645E-01
   26615    44033        2   0.0000E+00   0.0000E+00  -0.4220E-01   0.4220E-01
   26622    28817        2   0.0000E+00   0.0000E+00  -0.2139E-02   0.2139E-02
   26624      545        2   0.0000E+00   0.0000E+00  -0.2313E+00   0.2313E+00
   26625    44163        2   0.0000E+00   0.0000E+00  -0.5376E-01   0.5376E-01
   26626    33610        2   0.0000E+00   0.0000E+00  -0.6336E+00   0.6336E+00
   26627    44168        2   0.0000E+00   0.0000E+00  -0.2686E+00   0.2686E+00
   26628    43044        2   0.0000E+00   0.0000E+00  -0.3691E+00   0.3691E+00
   26631      546        2   0.0000E+00   0.0000E+00  -0.5612E+00   0.5612E+00
   26632    44174        2   0.0000E+00   0.0000E+00  -0.2387E+00   0.2387E+00
   26633    43279        2   0.0000E+00   0.0000E+00  -0.2471E+00   0.2471E+00
   26641    44189        2   0.0000E+00   0.0000E+00  -0.5151E+00   0.5151E+00
   26642    43186        2   0.0000E+00   0.0000E+00  -0.7923E+00   0.7923E+00
   26644    32589        2   0.0000E+00   0.0000E+00  -0.8181E-03   0.8181E-03
   26645    44199        2   0.0000E+00   0.0000E+00  -0.6921E-03   0.6921E-03
   26649    31657        2   0.0000E+00   0.0000E+00  -0.6389E+00   0.6389E+00
   26650    44333        2   0.0000E+00   0.0000E+00  -0.5993E+00   0.5993E+00
   26651    44334        2   0.0000E+00   0.0000E+00  -0.2147E+00   0.2147E+00
   26653    44424        2   0.0000E+00   0.0000E+00  -0.9054E-01   0.9054E-01
   26654    44421        2   0.0000E+00   0.0000E+00  -0.2279E+00   0.2279E+00
   26660    14505        2   0.0000E+00   0.0000E+00  -0.1442E-03   0.1442E-03
   26669    44828        2   0.0000E+00   0.0000E+00  -0.9760E-01   0.9760E-01
   26670    44858        2   0.0000E+00   0.0000E+00  -0.1575E-02   0.1575E-02
   26671    37423        2   0.0000E+00   0.0000E+00  -0.5723E-02   0.5723E-02
   26677    45032        2   0.0000E+00   0.0000E+00  -0.1972E-02   0.1972E-02
   26678    43373        2   0.0000E+00   0.0000E+00  -0.3474E+00   0.3474E+00
   26679    45036        2   0.0000E+00   0.0000E+00  -0.7624E-01   0.7624E-01
   26700    29275        2   0.0000E+00   0.0000E+00  -0.1473E-03   0.1473E-03
   26701    45094        2   0.0000E+00   0.0000E+00  -0.1303E-03   0.1303E-03
   26703    45212        2   0.0000E+00   0.0000E+00  -0.5863E-02   0.5863E-02
   26704    45216        2   0.0000E+00   0.0000E+00  -0.1312E-02   0.1312E-02
   26732    21251        2   0.0000E+00   0.0000E+00  -0.8700E-03   0.8700E-03
   26733    43001        2   0.0000E+00   0.0000E+00  -0.4696E-03   0.4696E-03
   26745    22549        2   0.0000E+00   0.0000E+00  -0.2452E-03   0.2452E-03
   26746    45285        2   0.0000E+00   0.0000E+00  -0.1112E-02   0.1112E-02
   26747    45293        2   0.0000E+00   0.0000E+00  -0.2961E-03   0.2961E-03
   26751    43011        2   0.0000E+00   0.0000E+00  -0.1105E-01   0.1105E-01
   26756    44395        2   0.0000E+00   0.0000E+00  -0.1622E+00   0.1622E+00
   26758    31370        2   0.0000E+00   0.0000E+00  -0.1062E-01   0.1062E-01
   26759      550        2   0.0000E+00   0.0000E+00  -0.9660E+00   0.9660E+00
   26760    41907        2   0.0000E+00   0.0000E+00  -0.3008E+00   0.3008E+00
   26761    44425        2   0.0000E+00   0.0000E+00  -0.8006E+00   0.8006E+00
   26762    45441        2   0.0000E+00   0.0000E+00  -0.6573E+00   0.6573E+00
   26763    41556        2   0.0000E+00   0.0000E+00  -0.2019E+00   0.2019E+00
   26766    45448        2   0.0000E+00   0.0000E+00  -0.1655E-04   0.1655E-04
   26771     4982        2   0.0000E+00   0.0000E+00  -0.5263E-04   0.5263E-04
   26772    45088        2   0.0000E+00   0.0000E+00  -0.2285E-03   0.2285E-03
   26773    43994        2   0.0000E+00   0.0000E+00  -0.1597E-03   0.1597E-03
   26784    45508        2   0.0000E+00   0.0000E+00  -0.4713E-03   0.4713E-03
   26794    45559        2   0.0000E+00   0.0000E+00  -0.1602E-01   0.1602E-01
   26804    45773        2   0.0000E+00   0.0000E+00  -0.1395E-03   0.1395E-03
   26806     5060        2   0.0000E+00   0.0000E+00  -0.4168E-02   0.4168E-02
   26807    45811        2   0.0000E+00   0.0000E+00  -0.5155E-02   0.5155E-02
   26808    45810        2   0.0000E+00   0.0000E+00  -0.1295E-01   0.1295E-01
   26823    45872        2   0.0000E+00   0.0000E+00  -0.3460E-02   0.3460E-02
   26834    45895        2   0.0000E+00   0.0000E+00  -0.8588E-04   0.8588E-04
   26842    35674        2   0.0000E+00   0.0000E+00  -0.2835E-03   0.2835E-03
   26843    45922        2   0.0000E+00   0.0000E+00  -0.8552E-03   0.8552E-03
   26856    45968        2   0.0000E+00   0.0000E+00  -0.4144E-01   0.4144E-01
   26860    30405        2   0.0000E+00   0.0000E+00  -0.5814E-02   0.5814E-02
   26862    45978        2   0.0000E+00   0.0000E+00  -0.1845E-02   0.1845E-02
   26865    40780        2   0.0000E+00   0.0000E+00  -0.5583E+00   0.5583E+00
   26867    37087        2   0.0000E+00   0.0000E+00  -0.6730E-01   0.6730E-01
   26873    46143        2   0.0000E+00   0.0000E+00  -0.1784E-01   0.1784E-01
   26879    21253        2   0.0000E+00   0.0000E+00  -0.7492E-03   0.7492E-03
   26880    40770        2   0.0000E+00   0.0000E+00  -0.1226E+01   0.1226E+01
   26902     4981        2   0.0000E+00   0.0000E+00  -0.8281E-04   0.8281E-04
   26903    45896        2   0.0000E+00   0.0000E+00  -0.2310E-03   0.2310E-03
   26904    46439        2   0.0000E+00   0.0000E+00  -0.1201E-03   0.1201E-03
   26905    46440        2   0.0000E+00   0.0000E+00  -0.3160E-03   0.3160E-03
   26906    46443        2   0.0000E+00   0.0000E+00  -0.2071E-03   0.2071E-03
   26910    42132        2   0.0000E+00   0.0000E+00  -0.5920E+00   0.5920E+00
   26911    41230        2   0.0000E+00   0.0000E+00  -0.2939E+00   0.2939E+00
   26912    35567        2   0.0000E+00   0.0000E+00  -0.9933E-01   0.9933E-01
   26924    46523        2   0.0000E+00   0.0000E+00  -0.6022E-03   0.6022E-03
   26926    46528        2   0.0000E+00   0.0000E+00  -0.1218E-01   0.1218E-01
   26936    45395        2   0.0000E+00   0.0000E+00  -0.2887E+00   0.2887E+00
   26938    46612        2   0.0000E+00   0.0000E+00  -0.2834E-01   0.2834E-01
   26939    39144        2   0.0000E+00   0.0000E+00  -0.6193E-01   0.6193E-01
   26941    46615        2   0.0000E+00   0.0000E+00  -0.7171E-02   0.7171E-02
   26942    44150        2   0.0000E+00   0.0000E+00  -0.3477E+00   0.3477E+00
   26978     5978        2   0.0000E+00   0.0000E+00  -0.9527E-01   0.9527E-01
   26979     6025        2   0.0000E+00   0.0000E+00  -0.1418E+00   0.1418E+00
   26980    18702        2   0.0000E+00   0.0000E+00  -0.7251E-01   0.7251E-01
   26981    18703        2   0.0000E+00   0.0000E+00  -0.2118E+00   0.2118E+00
   26982    15348        2   0.0000E+00   0.0000E+00  -0.9332E-01   0.9332E-01
   26983     6035        2   0.0000E+00   0.0000E+00  -0.3275E+00   0.3275E+00
   26984     5984        2   0.0000E+00   0.0000E+00  -0.5537E+00   0.5537E+00
   26985    18715        2   0.0000E+00   0.0000E+00  -0.7145E+00   0.7145E+00
   26986    18717        2   0.0000E+00   0.0000E+00  -0.8223E+00   0.8223E+00
   26987    18716        2   0.0000E+00   0.0000E+00  -0.8344E+00   0.8344E+00
   26994     6021        2   0.0000E+00   0.0000E+00  -0.5508E+00   0.5508E+00
   26996    10445        2   0.0000E+00   0.0000E+00  -0.3859E+00   0.3859E+00
   27010     5981        2   0.0000E+00   0.0000E+00  -0.1643E+00   0.1643E+00
   27013    24369        2   0.0000E+00   0.0000E+00  -0.1546E+00   0.1546E+00
   27026     6006        2   0.0000E+00   0.0000E+00  -0.1048E+01   0.1048E+01
   27028     5962        2   0.0000E+00   0.0000E+00  -0.1741E+01   0.1741E+01
   27029    27187        2   0.0000E+00   0.0000E+00  -0.1659E+01   0.1659E+01
   27030    27189        2   0.0000E+00   0.0000E+00  -0.5563E+00   0.5563E+00
   27031    27188        2   0.0000E+00   0.0000E+00  -0.2606E+01   0.2606E+01
   27032     6031        2   0.0000E+00   0.0000E+00  -0.1450E+01   0.1450E+01
   27033     6029        2   0.0000E+00   0.0000E+00  -0.1789E+01   0.1789E+01
   27034     6024        2   0.0000E+00   0.0000E+00  -0.1793E+01   0.1793E+01
   27035    27580        2   0.0000E+00   0.0000E+00  -0.3067E+01   0.3067E+01
   27036    27577        2   0.0000E+00   0.0000E+00  -0.3291E+01   0.3291E+01
   27037    27581        2   0.0000E+00   0.0000E+00  -0.2772E+01   0.2772E+01
   27045     6004        2   0.0000E+00   0.0000E+00  -0.2108E+00   0.2108E+00
   27047    28418        2   0.0000E+00   0.0000E+00  -0.2046E-01   0.2046E-01
   27059     6016        2   0.0000E+00   0.0000E+00  -0.2503E+00   0.2503E+00
   27063     5969        2   0.0000E+00   0.0000E+00  -0.8920E+00   0.8920E+00
   27066    10407        2   0.0000E+00   0.0000E+00  -0.9824E+00   0.9824E+00
   27067     5992        2   0.0000E+00   0.0000E+00  -0.9365E+00   0.9365E+00
   27068     5990        2   0.0000E+00   0.0000E+00  -0.2424E+01   0.2424E+01
   27069     5991        2   0.0000E+00   0.0000E+00  -0.8493E+00   0.8493E+00
   27070    28215        2   0.0000E+00   0.0000E+00  -0.2427E+01   0.2427E+01
   27071    29033        2   0.0000E+00   0.0000E+00  -0.2572E+01   0.2572E+01
   27072    29032        2   0.0000E+00   0.0000E+00  -0.1937E+01   0.1937E+01
   27073    16526        2   0.0000E+00   0.0000E+00  -0.4678E+01   0.4678E+01
   27074    29064        2   0.0000E+00   0.0000E+00  -0.2877E+01   0.2877E+01
   27081    29912        2   0.0000E+00   0.0000E+00  -0.3009E+01   0.3009E+01
   27082     5998        2   0.0000E+00   0.0000E+00  -0.2577E+00   0.2577E+00
   27083     5988        2   0.0000E+00   0.0000E+00  -0.3293E+00   0.3293E+00
   27084     6033        2   0.0000E+00   0.0000E+00  -0.5031E+00   0.5031E+00
   27085    29978        2   0.0000E+00   0.0000E+00  -0.5261E+00   0.5261E+00
   27086    22682        2   0.0000E+00   0.0000E+00  -0.6594E+00   0.6594E+00
   27087    29979        2   0.0000E+00   0.0000E+00  -0.5391E+00   0.5391E+00
   27088     5987        2   0.0000E+00   0.0000E+00  -0.2333E+00   0.2333E+00
   27089    29989        2   0.0000E+00   0.0000E+00  -0.7081E+00   0.7081E+00
   27090    29990        2   0.0000E+00   0.0000E+00  -0.4596E+00   0.4596E+00
   27095    30558        2   0.0000E+00   0.0000E+00  -0.3474E-01   0.3474E-01
   27096    30559        2   0.0000E+00   0.0000E+00  -0.4624E-01   0.4624E-01
   27097    30560        2   0.0000E+00   0.0000E+00  -0.4124E+00   0.4124E+00
   27101    30573        2   0.0000E+00   0.0000E+00  -0.4367E+00   0.4367E+00
   27104     5995        2   0.0000E+00   0.0000E+00  -0.4643E+00   0.4643E+00
   27105     5572        2   0.0000E+00   0.0000E+00  -0.1788E+00   0.1788E+00
   27106     5573        2   0.0000E+00   0.0000E+00  -0.2070E+00   0.2070E+00
   27107    31055        2   0.0000E+00   0.0000E+00  -0.5932E+00   0.5932E+00
   27108    31054        2   0.0000E+00   0.0000E+00  -0.4165E+00   0.4165E+00
   27109    31056        2   0.0000E+00   0.0000E+00  -0.6177E+00   0.6177E+00
   27110     6034        2   0.0000E+00   0.0000E+00  -0.4266E+00   0.4266E+00
   27111    31317        2   0.0000E+00   0.0000E+00  -0.7260E+00   0.7260E+00
   27112    18712        2   0.0000E+00   0.0000E+00  -0.7596E+00   0.7596E+00
   27113     6032        2   0.0000E+00   0.0000E+00  -0.7012E+00   0.7012E+00
   27114    31319        2   0.0000E+00   0.0000E+00  -0.9866E+00   0.9866E+00
   27115    31318        2   0.0000E+00   0.0000E+00  -0.9974E+00   0.9974E+00
   27116    31320        2   0.0000E+00   0.0000E+00  -0.5255E+00   0.5255E+00
   27117     5568        2   0.0000E+00   0.0000E+00  -0.8748E-01   0.8748E-01
   27118     5569        2   0.0000E+00   0.0000E+00  -0.1031E+00   0.1031E+00
   27119    11770        2   0.0000E+00   0.0000E+00  -0.3626E+00   0.3626E+00
   27120    31411        2   0.0000E+00   0.0000E+00  -0.1855E+00   0.1855E+00
   27121    12408        2   0.0000E+00   0.0000E+00  -0.4022E+00   0.4022E+00
   27122     5989        2   0.0000E+00   0.0000E+00  -0.8574E+00   0.8574E+00
   27123    32454        2   0.0000E+00   0.0000E+00  -0.9278E+00   0.9278E+00
   27124    32453        2   0.0000E+00   0.0000E+00  -0.9556E+00   0.9556E+00
   27125    32456        2   0.0000E+00   0.0000E+00  -0.1893E+00   0.1893E+00
   27136      261        2   0.0000E+00   0.0000E+00  -0.7418E+00   0.7418E+00
   27137     6001        2   0.0000E+00   0.0000E+00  -0.6684E+00   0.6684E+00
   27138    15280        2   0.0000E+00   0.0000E+00  -0.9757E+00   0.9757E+00
   27139    22930        2   0.0000E+00   0.0000E+00  -0.1307E+01   0.1307E+01
   27140    32469        2   0.0000E+00   0.0000E+00  -0.9563E+00   0.9563E+00
   27142     5570        2   0.0000E+00   0.0000E+00  -0.1659E+00   0.1659E+00
   27143    22687        2   0.0000E+00   0.0000E+00  -0.5605E+00   0.5605E+00
   27144    34027        2   0.0000E+00   0.0000E+00  -0.4355E+00   0.4355E+00
   27145     6003        2   0.0000E+00   0.0000E+00  -0.2346E+01   0.2346E+01
   27146        9        2   0.0000E+00   0.0000E+00  -0.3778E+01   0.3778E+01
   27147      264        2   0.0000E+00   0.0000E+00  -0.2746E+01   0.2746E+01
   27148    34848        2   0.0000E+00   0.0000E+00  -0.3073E+01   0.3073E+01
   27149    19238        2   0.0000E+00   0.0000E+00  -0.4194E+01   0.4194E+01
   27150    34849        2   0.0000E+00   0.0000E+00  -0.3259E+01   0.3259E+01
   27151    27527        2   0.0000E+00   0.0000E+00  -0.1519E+01   0.1519E+01
   27152     5997        2   0.0000E+00   0.0000E+00  -0.8937E+00   0.8937E+00
   27153    29561        2   0.0000E+00   0.0000E+00  -0.2408E+01   0.2408E+01
   27154    35160        2   0.0000E+00   0.0000E+00  -0.2067E+01   0.2067E+01
   27155     5999        2   0.0000E+00   0.0000E+00  -0.5122E+00   0.5122E+00
   27156     5996        2   0.0000E+00   0.0000E+00  -0.6577E+00   0.6577E+00
   27157    35793        2   0.0000E+00   0.0000E+00  -0.1051E+01   0.1051E+01
   27158    35794        2   0.0000E+00   0.0000E+00  -0.1247E+01   0.1247E+01
   27159    17780        2   0.0000E+00   0.0000E+00  -0.1241E+01   0.1241E+01
   27160     5986        2   0.0000E+00   0.0000E+00  -0.1612E+00   0.1612E+00
   27161     5567        2   0.0000E+00   0.0000E+00  -0.3558E-01   0.3558E-01
   27162    35797        2   0.0000E+00   0.0000E+00  -0.1669E+00   0.1669E+00
   27163    35795        2   0.0000E+00   0.0000E+00  -0.1195E+00   0.1195E+00
   27164    35798        2   0.0000E+00   0.0000E+00  -0.1996E+00   0.1996E+00
   27165     8633        2   0.0000E+00   0.0000E+00  -0.1814E+01   0.1814E+01
   27166    19997        2   0.0000E+00   0.0000E+00  -0.1889E+01   0.1889E+01
   27167     6027        2   0.0000E+00   0.0000E+00  -0.3566E+00   0.3566E+00
   27172    20008        2   0.0000E+00   0.0000E+00  -0.1925E+00   0.1925E+00
   27173     5994        2   0.0000E+00   0.0000E+00  -0.6005E+00   0.6005E+00
   27174     6030        2   0.0000E+00   0.0000E+00  -0.1365E+01   0.1365E+01
   27175    35807        2   0.0000E+00   0.0000E+00  -0.1019E+01   0.1019E+01
   27176    17773        2   0.0000E+00   0.0000E+00  -0.1592E+01   0.1592E+01
   27177    31048        2   0.0000E+00   0.0000E+00  -0.1006E+01   0.1006E+01
   27178    35990        2   0.0000E+00   0.0000E+00  -0.2012E+00   0.2012E+00
   27179    35989        2   0.0000E+00   0.0000E+00  -0.1335E+00   0.1335E+00
   27180       10        2   0.0000E+00   0.0000E+00  -0.1342E+01   0.1342E+01
   27181      265        2   0.0000E+00   0.0000E+00  -0.2191E+01   0.2191E+01
   27182    36004        2   0.0000E+00   0.0000E+00  -0.1738E+01   0.1738E+01
   27183    36006        2   0.0000E+00   0.0000E+00  -0.2408E+01   0.2408E+01
   27184    36005        2   0.0000E+00   0.0000E+00  -0.2164E+01   0.2164E+01
   27185    36026        2   0.0000E+00   0.0000E+00  -0.2000E+01   0.2000E+01
   27186    27603        2   0.0000E+00   0.0000E+00  -0.2156E+01   0.2156E+01
   27190    30726        2   0.0000E+00   0.0000E+00  -0.1384E+01   0.1384E+01
   27191    36292        2   0.0000E+00   0.0000E+00  -0.1209E+01   0.1209E+01
   27202    37816        2   0.0000E+00   0.0000E+00  -0.1880E+01   0.1880E+01
   27203    35987        2   0.0000E+00   0.0000E+00  -0.2748E+01   0.2748E+01
   27208    38646        2   0.0000E+00   0.0000E+00  -0.1555E+01   0.1555E+01
   27209     5965        2   0.0000E+00   0.0000E+00  -0.1214E+01   0.1214E+01
   27210    38689        2   0.0000E+00   0.0000E+00  -0.1275E+01   0.1275E+01
   27211    23807        2   0.0000E+00   0.0000E+00  -0.7986E+00   0.7986E+00
   27212    38690        2   0.0000E+00   0.0000E+00  -0.1092E+01   0.1092E+01
   27217     5574        2   0.0000E+00   0.0000E+00  -0.2287E+00   0.2287E+00
   27218    31052        2   0.0000E+00   0.0000E+00  -0.9103E+00   0.9103E+00
   27219    38916        2   0.0000E+00   0.0000E+00  -0.4648E+00   0.4648E+00
   27220    17754        2   0.0000E+00   0.0000E+00  -0.9334E+00   0.9334E+00
   27225      267        2   0.0000E+00   0.0000E+00  -0.6932E+00   0.6932E+00
   27226     8283        2   0.0000E+00   0.0000E+00  -0.1438E+01   0.1438E+01
   27227    13153        2   0.0000E+00   0.0000E+00  -0.1374E+01   0.1374E+01
   27230    39447        2   0.0000E+00   0.0000E+00  -0.2390E+01   0.2390E+01
   27231     5576        2   0.0000E+00   0.0000E+00  -0.3116E+00   0.3116E+00
   27232    39039        2   0.0000E+00   0.0000E+00  -0.1276E+01   0.1276E+01
   27233    39766        2   0.0000E+00   0.0000E+00  -0.1112E+01   0.1112E+01
   27243      266        2   0.0000E+00   0.0000E+00  -0.1691E+01   0.1691E+01
   27244    40908        2   0.0000E+00   0.0000E+00  -0.4002E+01   0.4002E+01
   27245    40909        2   0.0000E+00   0.0000E+00  -0.3846E+01   0.3846E+01
   27250     6002        2   0.0000E+00   0.0000E+00  -0.4179E+00   0.4179E+00
   27252    41393        2   0.0000E+00   0.0000E+00  -0.2148E+00   0.2148E+00
   27253    15262        2   0.0000E+00   0.0000E+00  -0.1429E+00   0.1429E+00
   27254     5575        2   0.0000E+00   0.0000E+00  -0.2546E+00   0.2546E+00
   27255    24253        2   0.0000E+00   0.0000E+00  -0.1096E+01   0.1096E+01
   27256    41616        2   0.0000E+00   0.0000E+00  -0.5355E+00   0.5355E+00
   27257    41626        2   0.0000E+00   0.0000E+00  -0.7526E+00   0.7526E+00
   27258    41625        2   0.0000E+00   0.0000E+00  -0.4974E+00   0.4974E+00
   27259    41624        2   0.0000E+00   0.0000E+00  -0.1128E+01   0.1128E+01
   27260    41648        2   0.0000E+00   0.0000E+00  -0.9810E+00   0.9810E+00
   27261    41649        2   0.0000E+00   0.0000E+00  -0.1002E+01   0.1002E+01
   27262    29986        2   0.0000E+00   0.0000E+00  -0.4217E+00   0.4217E+00
   27263    41973        2   0.0000E+00   0.0000E+00  -0.1183E+01   0.1183E+01
   27264    41974        2   0.0000E+00   0.0000E+00  -0.1403E+01   0.1403E+01
   27265    41975        2   0.0000E+00   0.0000E+00  -0.1549E+01   0.1549E+01
   27266    35799        2   0.0000E+00   0.0000E+00  -0.1438E+01   0.1438E+01
   27267    41976        2   0.0000E+00   0.0000E+00  -0.1279E+01   0.1279E+01
   27268    28832        2   0.0000E+00   0.0000E+00  -0.2351E+00   0.2351E+00
   27269     6000        2   0.0000E+00   0.0000E+00  -0.4629E+00   0.4629E+00
   27270    42056        2   0.0000E+00   0.0000E+00  -0.1117E+01   0.1117E+01
   27271    42057        2   0.0000E+00   0.0000E+00  -0.1179E+01   0.1179E+01
   27272    27325        2   0.0000E+00   0.0000E+00  -0.1338E+01   0.1338E+01
   27273    31613        2   0.0000E+00   0.0000E+00  -0.6255E-01   0.6255E-01
   27274    42072        2   0.0000E+00   0.0000E+00  -0.3597E-01   0.3597E-01
   27278      252        2   0.0000E+00   0.0000E+00  -0.4683E+00   0.4683E+00
   27279    42429        2   0.0000E+00   0.0000E+00  -0.7025E+00   0.7025E+00
   27280    42430        2   0.0000E+00   0.0000E+00  -0.1182E+01   0.1182E+01
   27298    42824        2   0.0000E+00   0.0000E+00  -0.1837E+01   0.1837E+01
   27299    28404        2   0.0000E+00   0.0000E+00  -0.1315E+01   0.1315E+01
   27300    42825        2   0.0000E+00   0.0000E+00  -0.1883E+01   0.1883E+01
   27301    42826        2   0.0000E+00   0.0000E+00  -0.1087E+01   0.1087E+01
   27302     5571        2   0.0000E+00   0.0000E+00  -0.1957E+00   0.1957E+00
   27303    27328        2   0.0000E+00   0.0000E+00  -0.6968E+00   0.6968E+00
   27304    42840        2   0.0000E+00   0.0000E+00  -0.5158E+00   0.5158E+00
   27305    42839        2   0.0000E+00   0.0000E+00  -0.5363E+00   0.5363E+00
   27318    29572        2   0.0000E+00   0.0000E+00  -0.1207E+01   0.1207E+01
   27319    43639        2   0.0000E+00   0.0000E+00  -0.1292E+01   0.1292E+01
   27336    44096        2   0.0000E+00   0.0000E+00  -0.2999E+00   0.2999E+00
   27337    44106        2   0.0000E+00   0.0000E+00  -0.2798E+01   0.2798E+01
   27338    44109        2   0.0000E+00   0.0000E+00  -0.2082E+01   0.2082E+01
   27339    44108        2   0.0000E+00   0.0000E+00  -0.1934E+01   0.1934E+01
   27340    27492        2   0.0000E+00   0.0000E+00  -0.1647E+01   0.1647E+01
   27344    44705        2   0.0000E+00   0.0000E+00  -0.3268E+01   0.3268E+01
   27345    29236        2   0.0000E+00   0.0000E+00  -0.3621E+01   0.3621E+01
   27352    45390        2   0.0000E+00   0.0000E+00  -0.7998E+00   0.7998E+00
   27355    45545        2   0.0000E+00   0.0000E+00  -0.8030E+00   0.8030E+00
   27356     5970        2   0.0000E+00   0.0000E+00  -0.3807E-01   0.3807E-01
   27358    45399        2   0.0000E+00   0.0000E+00  -0.4566E+00   0.4566E+00
   27359    45555        2   0.0000E+00   0.0000E+00  -0.1102E+01   0.1102E+01
   27360    19992        2   0.0000E+00   0.0000E+00  -0.1111E+01   0.1111E+01
   27361    18697        2   0.0000E+00   0.0000E+00  -0.5775E+00   0.5775E+00
   27362    45560        2   0.0000E+00   0.0000E+00  -0.1611E+01   0.1611E+01
   27363    45573        2   0.0000E+00   0.0000E+00  -0.9274E+00   0.9274E+00
   27364     8714        2   0.0000E+00   0.0000E+00  -0.1197E+01   0.1197E+01
   27369    45548        2   0.0000E+00   0.0000E+00  -0.1280E+00   0.1280E+00
   27370    16242        2   0.0000E+00   0.0000E+00  -0.7531E+00   0.7531E+00
   27376    45767        2   0.0000E+00   0.0000E+00  -0.2004E+01   0.2004E+01
   27380    12418        2   0.0000E+00   0.0000E+00  -0.4021E+00   0.4021E+00
   27381    45900        2   0.0000E+00   0.0000E+00  -0.3121E+00   0.3121E+00
   27383       11        2   0.0000E+00   0.0000E+00  -0.2897E+00   0.2897E+00
   27384    45903        2   0.0000E+00   0.0000E+00  -0.7165E+00   0.7165E+00
   27385    44012        2   0.0000E+00   0.0000E+00  -0.1573E+01   0.1573E+01
   27386     8291        2   0.0000E+00   0.0000E+00  -0.1027E+01   0.1027E+01
   27389    45909        2   0.0000E+00   0.0000E+00  -0.6831E+00   0.6831E+00
   27393    46444        2   0.0000E+00   0.0000E+00  -0.7160E+00   0.7160E+00
   27394    38571        2   0.0000E+00   0.0000E+00  -0.3528E+01   0.3528E+01
   27395    46449        2   0.0000E+00   0.0000E+00  -0.3587E+00   0.3587E+00
   27396    36017        2   0.0000E+00   0.0000E+00  -0.7671E+00   0.7671E+00
   27398    22676        2   0.0000E+00   0.0000E+00  -0.4780E+00   0.4780E+00
   27399    46489        2   0.0000E+00   0.0000E+00  -0.2447E+00   0.2447E+00
   27400    43623        2   0.0000E+00   0.0000E+00  -0.3162E+01   0.3162E+01
   TOTAL                     0.0000E+00   0.0000E+00  -0.7073E-11   0.0000E+00

   TOTAL NUMBER OF ACTIVE CONTACT ELEMENT(S) =  1315

     TIME FOR AL CONTACT OPERATIONS (Results) . . . . .=       0


 TOTAL STRAIN ENERGY. . . . . . . . . . . =  0.542477E-02

             D I S P L A C E M E N T S

     NODE X-DISPL.     Y-DISPL.     Z-DISPL.     XX-ROT.      YY-ROT.      ZZ-ROT.


 MINIMUM/MAXIMUM DISPLACEMENTS

  NODE       282        30812        46515            1            1            1
  MIN.  -2.94608E-06 -3.46232E-07 -2.86302E-07   0.0000       0.0000       0.0000    

  NODE      2903         5565        31541        46617        46617        46617
  MAX.   1.48663E-06  8.18191E-06  1.20597E-07   0.0000       0.0000       0.0000    

 MAXIMUM RESULTANT DISPLACEMENT

  NODE      5566
  MAX.   8.41572E-06




********************************************************************************
         R E A C T I O N   F O R C E   F O R   LOAD CASE NO.  1
********************************************************************************

    NODE CSYS    Fx         Fy         Fz         Mx         My         Mz

 FOR REQUESTED                 (Global Cartesian Coord. System)
    NODES         FX         FY         FZ         MX         MY         MZ
 Total React. 0.3399E+03 -.1468E+04 0.3815E-04 0.0000E+00 0.0000E+00 0.0000E+00
  



********************************************************************************
 MAXIMUM NODAL VON MISES STRESS & ERROR ESTIMATE FOR LOAD CASE   1
********************************************************************************

  NODE      9599
  MAX.     0.13448E+08



   E R R O R    E S T I M A T I O N
   (for requested elements)

   Total Strain Energy (TSE)        =  0.542656E-02
   Total Error Energy (TEE)         =  0.162107E-03
   Ave. Percentage Error (APE)      =  0.121312E+02
     ( APE =  sqrt (TEE/(TSE*2. + TEE)) * 100. )

   SOLVER TYPE ACTUALLY USED . . . . . . . . . .(FISOL)  =           5
      EQ. 0, DIRECT SPARSE SOLVER                         
      EQ. 1, DIRECT SKYLINE SOLVER                        
      EQ. 2, ITERATIVE SOLVER                             
      EQ. 3, EXPLICIT INTEGRATION                         
      EQ. 4, LARGE PROBLEM DIRECT SPARSE SOLVER           
      EQ. 5, INTEL DIRECT SPARSE SOLVER                   
      EQ. 6, INTEL NETWORK SPARSE SOLVER                  




********************************************************************************
   MFLOP Rate of Matrix Decomposition . . . . . . . (MF/Sec)=       0.0
********************************************************************************


                             S O L U T I O N    T I M E   L O G    I N    S E C O N D S
  DEFINITIONS
     INP_PHASE=TIME FOR INPUT PHASE
     STF_PHASE=TIME FOR CALCULATION OF STRUCTURE STIFFNESS MATRIX
     REN_PHASE=TIME FOR REORDERING EQUATIONS
     SOL_PHASE=TIME FOR INTEL DIRECT SPARSE SOLUTION
     CNT_PHASE=TIME FOR LCP CONTACT (AND/OR LRG DISP) OPERATIONS
     REC_PHASE=TIME FOR REACTION FORCE & DISP UPDATE TO POST
     STS_PHASE=TIME FOR STRESS CALCULATION
     LCS_PHASE=TIME FOR LOAD CASE SOLUTIONS
     TOT_TIME =TOTAL SOLUTION TIME

          INP_PHASE STF_PHASE REN_PHASE SOL_PHASE CNT_PHASE REC_PHASE STS_PHASE LCS_PHASE  TOT_TIME 
                  1         1         6         2         0         0         0         0        18
                                                      (   0: 0:18)



   MAXIMUM MEMORY USED IN MEGABYTES . . . . . . (MAXMB)  =         500

